ID;Active (0/1);Name *;Categories;Price tax excluded or Price tax included;Tax rules ID;Wholesale price;On sale (0/1);Discount amount;Discount percent;Discount from (yyyy-mm-dd);Discount to (yyyy-mm-dd);SKU;Supplier reference #;Supplier;Manufacturer;EAN13;UPC;Ecotax;Width;Height;Depth;Weight;Quantity;Minimal quantity;Visibility;Additional shipping cost;Unity;Unit price;Short description;Description;Tags (x,y,z...);Meta title;Meta keywords;Meta description;URL rewritten;Text when in stock;Text when backorder allowed;Available for order (0 = No, 1 = Yes);Product available date;Product creation date;Show price (0 = No, 1 = Yes);image url;Delete existing images (0 = No, 1 = Yes);Feature(Name:Value:Position);Available online only (0 = No, 1 = Yes);Condition;Customizable (0 = No, 1 = Yes);Uploadable files (0 = No, 1 = Yes);Text fields (0 = No, 1 = Yes);Out of stock;ID / Name of shop;Advanced stock management;Depends On Stock;Warehouse
45502;1;Tankrucksack Büse Vario 1;249;91.67;1;48.5851;0;;;;;3607;;;;;;;;;;;;;;;;;;"Einteiliger Magnet-Tankrucksack, 6 haftstarke Magnete, Traggriffe, Schultergurt

Grösse: ca. 28x23 cm
Volumen: ca. 12 l, Erweiterung von ca. 10 l durch umlaufenden Reissverschluss";;;;;;Auf Lager;Verfügbar : Lieferdatum auf Anfrage;;;;;;;;;;;;;;;;;
45503;1;Tankrucksack Büse  Multi ;249;100.93;1;53.4929;0;;;;;3612;;;;;;;;;;;;;;;;;Schwarz;"Zweiteiliger Magnet-Tankrucksack, 8 haftstarke Magnete, Traggriffe, Schultergurt, Kartenfächer in allen drei Ebenen

Grösse: ca. 28x23 cm
Volumen: ca. 26.5 l";;;;;;Auf Lager;Verfügbar : Lieferdatum auf Anfrage;;;;;;;;;;;;;;;;;
44861;1;Tankrucksack Büse  Multi ;249;100.93;1;53.4929;0;;;;;4014;;;;;;;;;;;;;;;;;Schwarz;"Zweiteiliger Magnet-Tankrucksack, 8 haftstarke Magnete, Traggriffe, Schultergurt, Kartenfächer in allen drei Ebenen

Grösse: ca. 28x23 cm
Volumen: ca. 26.5 l";;;;;;Auf Lager;Verfügbar : Lieferdatum auf Anfrage;;;;;;;;;;;;;;;;;
44863;1;Tankrucksack Büse  Multi ;249;100.93;1;53.4929;0;;;;;4016;;;;;;;;;;;;;;;;;Schwarz;"Zweiteiliger Magnet-Tankrucksack, 8 haftstarke Magnete, Traggriffe, Schultergurt, Kartenfächer in allen drei Ebenen

Grösse: ca. 28x23 cm
Volumen: ca. 26.5 l";;;;;;Auf Lager;Verfügbar : Lieferdatum auf Anfrage;;;;;;;;;;;;;;;;;
44865;1;Tankrucksack Büse  Multi ;249;100.93;1;53.4929;0;;;;;4019;;;;;;;;;;;;;;;;;Schwarz;"Zweiteiliger Magnet-Tankrucksack, 8 haftstarke Magnete, Traggriffe, Schultergurt, Kartenfächer in allen drei Ebenen

Grösse: ca. 28x23 cm
Volumen: ca. 26.5 l";;;;;;Auf Lager;Verfügbar : Lieferdatum auf Anfrage;;;;;;;;;;;;;;;;;
44865;1;Tankrucksack Büse  Multi ;249;100.93;1;53.4929;0;;;;;5895;;;;;;;;;;;;;;;;;Schwarz;"Zweiteiliger Magnet-Tankrucksack, 8 haftstarke Magnete, Traggriffe, Schultergurt, Kartenfächer in allen drei Ebenen

Grösse: ca. 28x23 cm
Volumen: ca. 26.5 l";;;;;;Auf Lager;Verfügbar : Lieferdatum auf Anfrage;;;;;;;;;;;;;;;;;
44839;1;Büse Spannband 3 X 0.80 M;261;11.11;1;0;0;;;;;32900;;;;;;;;;;;;;;;;;Schwarz/Rot/Weiss;;;;;;;Auf Lager;Verfügbar : Lieferdatum auf Anfrage;;;;;;;;;;;;;;;;;
44840;1;Büse Spannband 3 X 0.80 M;261;11.11;1;0;0;;;;;32910;;;;;;;;;;;;;;;;;Schwarz/Rot/Weiss;;;;;;;Auf Lager;Verfügbar : Lieferdatum auf Anfrage;;;;;;;;;;;;;;;;;
43663;1;Büse Milestone Lederjacke;195;387.96;1;217.2576;0;;;;;102450;;;;;;;;;;;;;;;;;;<ul><li>Hochwertiges Leder</li><li>verstellbarer Riemen an der Taille</li><li>Strecheinsätze an den Schultern aus Leder</li><li>4 Aussentaschen</li><li>2 Innentaschen</li><li>Sicherheit: Sas-Tec Protektoren an Schultern, Rücken und Ellbogen nachrüstbar</li><li>Obermaterial: 100% Leder</li><li>Innenfutter: 100% Polyester</li></ul>;;;;;;Auf Lager;Verfügbar : Lieferdatum auf Anfrage;;;;;;;;;;;;;;;;;
43664;1;Büse La-Guna Lederkombi 2 Tlg.;209;684.26;1;383.1856;0;;;;;102700;;;;;;;;;;;;;;;;;SCHWARZ/WEISS ;<ul><li>Leder 1.2 mm</li><li>atmungsaktives Netzinnenfutter</li><li>elastische Einsätze zur Optimierung der Bewegungsfreiheit</li><li>ergonomisch angepasste Schnittführung</li><li>Hartschalen mit Metalleinsätzen an Schultern</li><li>Verbindungsreissverschluss,2 Innentaschen</li><li>Sicherheit: Sas-Tec Protektoren an Schultern, Ellbogen und Knien, herausnehmbare Polsterungen am Rücken und an der Hüfte</li><li>Material: 100% Leder</li><li>Strecheinsätze: 95% Polyester, 5% Elastan</li><li>Futter: 100% Polyester</li></ul>;;;;;;Auf Lager;Verfügbar : Lieferdatum auf Anfrage;;;;;;;;;;;;;;;;;
43665;1;Büse Laguna Lederkombi 2 Tlg.;209;684.26;1;383.1856;0;;;;;102702;;;;;;;;;;;;;;;;;SCHWARZ/ROT ;<ul><li>Ausstattung: Hartschalen mit Metalleinsätzen an Schultern</li><li>Komfortkragen mit Neoprenabschluss</li><li>ergonomisch angepasste Schnittführung</li><li>Komforteinsätze über Schultern und Ellbogen</li><li>Lederstretch an Hüfte, Gesäß und Knien</li><li>elastische Komforteinsätze an Armen, Leiste, Kniekehlen und den Waden zur Optimierung der Bewegungsfreiheit</li><li>umlaufender Verbindungsreißverschluss</li><li>Klett für Knieschleifer</li><li>2 Innentaschen</li><li>Sicherheit: SAS-TEC Protektoren an Schultern, Ellbogen und Knien</li><li>Polsterungen am Rücken und der Hüfte durch SAS-TEC Protektoren austauschbar</li><li>Sicherheitsnähte nach ISO 4916</li><li>Materialdopplung am Gesäß</li><li>Material: robustes angenehm weiches 1, 2 mm starkes Rindleder kombiniert mit elastischem Polyamidgewebe</li><li>atmungsaktives Netzinnenfutter mit elastischen Einsätzen</li><li>Obermaterial: 100% Leder</li><li>Innenfutter: 100% Polyester. </li></ul>;;;;;;Auf Lager;Verfügbar : Lieferdatum auf Anfrage;;;;;;;;;;;;;;;;;
43666;1;Büse Jarama Lederkombi 2 Tlg.;209;1017.59;1;569.8504;0;;;;;103500;;;;;;;;;;;;;;;;;;<ul><li>Rindleder 1.2-1.4 mm</li><li>atmungsaktives Netzinnenfutter,elastische Komforteinsätze zur Optimierung der Bewegungsfreiheit</li><li>ergonomisch angepasste Schnittführung</li><li>Hartschalen mit Metalleinsätzen an Ellbogen und Schultern</li><li>Verbindungsreissverschluss</li><li>Wadenweitenverstellung</li><li>2 Innentaschen</li><li>Sicherheit: Sas-Tec Protektoren an Schultern, Ellbogen und Knien, herausnehmbare Polsterungen am Rücken und an der Hüfte</li><li>Material: 100% Rindleder</li><li>92% Polyamid, 8% Elastan</li><li>Futter: 100% Polyester</li></ul>;;;;;;Auf Lager;Verfügbar : Lieferdatum auf Anfrage;;;;;;;;;;;;;;;;;
43667;1;Büse Jarama Lederkombi 2 Tlg.;209;1017.59;1;569.8504;0;;;;;103502;;;;;;;;;;;;;;;;;SCHWARZ/ROT ;<ul><li>Rindleder 1.2-1.4 mm</li><li>atmungsaktives Netzinnenfutter,elastische Komforteinsätze zur Optimierung der Bewegungsfreiheit</li><li>ergonomisch angepasste Schnittführung</li><li>Hartschalen mit Metalleinsätzen an Ellbogen und Schultern</li><li>Verbindungsreissverschluss</li><li>Wadenweitenverstellung</li><li>2 Innentaschen</li><li>Sicherheit: Sas-Tec Protektoren an Schultern, Ellbogen und Knien, herausnehmbare Polsterungen am Rücken und an der Hüfte</li><li>Material: 100% Rindleder</li><li>92% Polyamid, 8% Elastan</li><li>Futter: 100% Polyester</li></ul>;;;;;;Auf Lager;Verfügbar : Lieferdatum auf Anfrage;;;;;;;;;;;;;;;;;
43668;1;Büse Jarama Lederkombi 2 Tlg.;209;1017.59;1;569.8504;0;;;;;103504;;;;;;;;;;;;;;;;;SCHWARZ/GRÜN ;<ul><li>Rindleder 1.2-1.4 mm</li><li>atmungsaktives Netzinnenfutter,elastische Komforteinsätze zur Optimierung der Bewegungsfreiheit</li><li>ergonomisch angepasste Schnittführung</li><li>Hartschalen mit Metalleinsätzen an Ellbogen und Schultern</li><li>Verbindungsreissverschluss</li><li>Wadenweitenverstellung</li><li>2 Innentaschen</li><li>Sicherheit: Sas-Tec Protektoren an Schultern, Ellbogen und Knien, herausnehmbare Polsterungen am Rücken und an der Hüfte</li><li>Material: 100% Rindleder</li><li>92% Polyamid, 8% Elastan</li><li>Futter: 100% Polyester</li></ul>;;;;;;Auf Lager;Verfügbar : Lieferdatum auf Anfrage;;;;;;;;;;;;;;;;;
43669;1;Büse Jarama Lederkombi 2 Tlg.;209;1017.59;1;569.8504;0;;;;;103508;;;;;;;;;;;;;;;;;SCHWARZ/NEON GELB ;<ul><li>Rindleder 1.2-1.4 mm</li><li>atmungsaktives Netzinnenfutter,elastische Komforteinsätze zur Optimierung der Bewegungsfreiheit</li><li>ergonomisch angepasste Schnittführung</li><li>Hartschalen mit Metalleinsätzen an Ellbogen und Schultern</li><li>Verbindungsreissverschluss</li><li>Wadenweitenverstellung</li><li>2 Innentaschen</li><li>Sicherheit: Sas-Tec Protektoren an Schultern, Ellbogen und Knien, herausnehmbare Polsterungen am Rücken und an der Hüfte</li><li>Material: 100% Rindleder</li><li>92% Polyamid, 8% Elastan</li><li>Futter: 100% Polyester</li></ul>;;;;;;Auf Lager;Verfügbar : Lieferdatum auf Anfrage;;;;;;;;;;;;;;;;;
43672;1;Büse Lederjeans;208;165.74;1;92.8144;0;;;;;104100;;;;;;;;;;;;;;;;;SCHWARZ ;<ul><li>Rindleder 1.2 mm</li><li>atmungsaktives Netzinnenfutter</li><li>SaS-Tec Protektoren an Hüfte und Knien nachrüstbar</li><li>fünf Taschen</li><li>Obermaterial: 100% Leder</li><li>Futter: 100% Polyester</li></ul>;;;;;;Auf Lager;Verfügbar : Lieferdatum auf Anfrage;;;;;;;;;;;;;;;;;
43673;1;Büse Vegas Lederjeans;208;221.3;1;123.928;0;;;;;104130;;;;;;;;;;;;;;;;;;<ul><li>Hose mit 1, 2 bis 1, 4mm starkem Rindleder</li><li>Protektorennachrüstbar</li><li>Innenfutter</li><li>vier Taschen</li><li>Obermaterial: 100% Rindleder</li><li>Futter: 100% Polyamid</li></ul>;;;;;;Auf Lager;Verfügbar : Lieferdatum auf Anfrage;;;;;;;;;;;;;;;;;
43675;1;Büse Lederweste;195;91.67;1;51.3352;0;;;;;104690;;;;;;;;;;;;;;;;;SCHWARZ ;<ul><li>Rindleder 1.2 mm</li><li>Seitenschnürung</li><li>2 Aussentaschen</li><li>2 Innentaschen</li><li>Obermaterial: 100% Leder</li><li>Innenfutter: 100% Polyester</li></ul>;;;;;;Auf Lager;Verfügbar : Lieferdatum auf Anfrage;;;;;;;;;;;;;;;;;
43676;1;Büse Manhattan Lederjacke;195;462.04;1;258.7424;0;;;;;105850;;;;;;;;;;;;;;;;;SCHWARZ ;<ul><li>Hochwertiges</li><li>sehr weiches Rindleder</li><li>4 Aussentaschen,2 Innentaschen</li><li>Sicherheit: Sas-Tec Protektoren an Schultern, Rücken und Ellbogen nachrüstbar</li><li>Material: 100% Leder</li><li>Futter: 100% Polyester</li></ul>;;;;;;Auf Lager;Verfügbar : Lieferdatum auf Anfrage;;;;;;;;;;;;;;;;;
43679;1;Büse Misano Lederkombi 2 Tlg.;209;712.04;1;398.7424;0;;;;;106200;;;;;;;;;;;;;;;;;SCHWARZ/WEISS ;<ul><li>Rindleder 1.2 mm</li><li>atmungsaktives Netzinnenfutter,elastische Komforteinsätze zur Optimierung der Bewegungsfreiheit</li><li>ergonomisch angepasste Schnittführung</li><li>Hartschalen mit Metalleinsätzen an Schultern</li><li>Verbindungsreissverschluss,Wadenweitenverstellung</li><li>2 Innentaschen</li><li>Sicherheit: Sas-Tec Protektoren an Schultern, Ellbogen und Knien, herausnehmbare Polsterungen am Rücken und an der Hüfte</li><li>Material: 100% Leder</li><li>Futter: 100% Polyester</li></ul>;;;;;;Auf Lager;Verfügbar : Lieferdatum auf Anfrage;;;;;;;;;;;;;;;;;
43680;1;Büse Cargo Lederhose;208;313.89;1;175.7784;0;;;;;106820;;;;;;;;;;;;;;;;;;<ul><li>Hochwertiges</li><li>starkes Leder</li><li>atmungsaktives Netzinnenfutter</li><li>5 Pocket-Style</li><li>elastische Einsätzezur Optimierung der Bewegungsfreiheit, Verbindungsreissverschluss</li><li>Sicherheit: Protektoren am Knie, herausnehmbare Polsterung an der Hüfte</li><li>Obermaterial: 100% Leder</li><li>Innenfutter: 100% Polyester</li></ul>;;;;;;Auf Lager;Verfügbar : Lieferdatum auf Anfrage;;;;;;;;;;;;;;;;;
43681;1;Büse Reno Lederjacke;195;387.96;1;217.2576;0;;;;;107350;;;;;;;;;;;;;;;;;SCHWARZ/GRAU ;<ul><li>Hochwertiges Leder</li><li>verstellbarer Riemen an der Taille</li><li>Strecheinsätze an den Schultern aus Leder</li><li>4 Aussentaschen</li><li>2 Innentaschen</li><li>Sicherheit: Sas-Tec Protektoren an Schultern, Rücken und Ellbogen nachrüstbar</li><li>Obermaterial: 100% Leder</li><li>Innenfutter: 100% Polyester</li></ul>;;;;;;Auf Lager;Verfügbar : Lieferdatum auf Anfrage;;;;;;;;;;;;;;;;;
44211;1;Büse Jerez Lederkombi 2 Tlg.;209;647.22;1;362.4432;0;;;;;109100;;;;;;;;;;;;;;;;;Damen Schwarz/Weiss;"Rindleder 1.2-1.4 mm, atmungsaktives Netzinnenfutter,
elastische Komforteinsätze zur Optimierung der Bewegungsfreiheit, ergonomisch angepasste Schnittführung, Verbindungsreissverschluss,
Wadenweitenverstellung, zwei Innentaschen

Sicherheit: Sas-Tec Protektoren an Schultern, Ellbogen und Knien, herausnehmbare Polsterungen am Rücken und an der Hüfte

Material: 86% Leder, 14% Polyamid
Futter: 100% Polyester";;;;;;Auf Lager;Verfügbar : Lieferdatum auf Anfrage;;;;;;;;;;;;;;;;;
43683;1;Büse Brooklyn Lederjacke;195;462.04;1;258.7424;0;;;;;109550;;;;;;;;;;;;;;;;;;<ul><li>Hochwertiges</li><li>sehr weiches Rindleder</li><li>verstellbarer Riemen an der Taille</li><li>3 Aussentaschen</li><li>2 Innentaschen</li><li>Sicherheit: Sas-Tec Protektoren an Schultern, Rücken und Ellbogen nachrüstbar</li><li>Material: 100% Leder</li><li>Futter: 100% Polyester</li></ul>;;;;;;Auf Lager;Verfügbar : Lieferdatum auf Anfrage;;;;;;;;;;;;;;;;;
43685;1;Büse Sunday Pro Jacke Textil;196;221.3;1;123.928;0;;;;;112210;;;;;;;;;;;;;;;;;SCHWARZ/WEISS ;<ul><li>Polyamidgewebe</li><li>herausnehmbare Humax® Klimamembrane</li><li>atmungsaktives Netzinnenfutter, Belüftungssystem</li><li>Komfortkragen mit Neoprenabschluss</li><li>Verbindungsreissverschluss</li><li>zwei Aussen- und zwei Innentaschen</li><li>Sicherheit: Protektoren an Schultern und Ellbogen, herausnehmbare Polsterung am Rücken</li><li>Obermaterial: 100% Polyamid</li><li>Futter: 100% Polyester</li></ul>;;;;;;Auf Lager;Verfügbar : Lieferdatum auf Anfrage;;;;;;;;;;;;;;;;;
43687;1;Büse Santo Hose Textil;208;230.56;1;129.1136;0;;;;;112470;;;;;;;;;;;;;;;;;SCHWARZ ;<ul><li>Ausstattungwasserdicht</li><li>winddicht und atmungsaktiv durch entnehmbare Humax Klimamembrane</li><li>weitenverstellbar durch Klettriegel an Hüfte und Beinabschluss</li><li>Belüftungssystem an den Oberschenkeln</li><li>elastische Komforteinsätze an Gesäß, Leiste und Knien</li><li>ergonomisch angepasste Schnittführung</li><li>umlaufender Verbindungsreißverschluss</li><li>Antirutschmaterial am Gesäß</li><li>4 Taschen</li><li>davon 2 Cargo-Taschen</li><li>Sicherheit: in der Höhe verstell- und entnehmbare Knie-Protektoren</li><li>Polsterung an der Hüfte</li><li> durch SAS-TEC Protektoren austauschbar</li><li>Sicherheitsnähte nach ISO 4916</li><li>Material: robustes 600 D Polyestergewebe in Kombination mit Hitena Materialverstärkung an Knien und Schienbeinen und einer entnehmbaren Humax Klimamembrane</li><li>atmungsaktives Netzinnenfutter</li><li>Obermaterial: 100% Polyester</li><li>Innenfutter: 100% Polyester. </li></ul>;;;;;;Auf Lager;Verfügbar : Lieferdatum auf Anfrage;;;;;;;;;;;;;;;;;
43688;1;Büse Santo Hose Textil;208;230.56;1;129.1136;0;;;;;112479;;;;;;;;;;;;;;;;;SAND ;<ul><li>Ausstattungwasserdicht</li><li>winddicht und atmungsaktiv durch entnehmbare Humax Klimamembrane</li><li>weitenverstellbar durch Klettriegel an Hüfte und Beinabschluss</li><li>Belüftungssystem an den Oberschenkeln</li><li>elastische Komforteinsätze an Gesäß, Leiste und Knien</li><li>ergonomisch angepasste Schnittführung</li><li>umlaufender Verbindungsreißverschluss</li><li>Antirutschmaterial am Gesäß</li><li>4 Taschen</li><li>davon 2 Cargo-Taschen</li><li>Sicherheit: in der Höhe verstell- und entnehmbare Knie-Protektoren</li><li>Polsterung an der Hüfte</li><li> durch SAS-TEC Protektoren austauschbar</li><li>Sicherheitsnähte nach ISO 4916</li><li>Material: robustes 600 D Polyestergewebe in Kombination mit Hitena Materialverstärkung an Knien und Schienbeinen und einer entnehmbaren Humax Klimamembrane</li><li>atmungsaktives Netzinnenfutter</li><li>Obermaterial: 100% Polyester</li><li>Innenfutter: 100% Polyester. </li></ul>;;;;;;Auf Lager;Verfügbar : Lieferdatum auf Anfrage;;;;;;;;;;;;;;;;;
43689;1;Büse Murano Jacke Textil;196;323.15;1;180.964;0;;;;;113450;;;;;;;;;;;;;;;;;SCHWARZ/ANTHRAZIT ;<ul><li>Tactel® Gewebe</li><li>Hitena® Verstärkungen</li><li>herausnehmbare Humax® Klimamembrane</li><li>atmungsaktives Netzinnenfutter</li><li>Belüftungssystem</li><li>Komfortkragen mit Neoprenabschluss, Verbindungsreissverschluss</li><li>sechs Aussen- und zwei Innentaschen</li><li>Sicherheit: Protektoren an Schultern und Ellbogen, herausnehmbare Polsterung im Rücken</li><li>Obermaterial: 100% Polyamid</li><li>Futter: 100% Polyester</li></ul>;;;;;;Auf Lager;Verfügbar : Lieferdatum auf Anfrage;;;;;;;;;;;;;;;;;
43690;1;Büse Murano Jacke Textil;196;323.15;1;180.964;0;;;;;113452;;;;;;;;;;;;;;;;;SCHWARZ/ROT;<ul><li>Tactel® Gewebe</li><li>Hitena® Verstärkungen</li><li>herausnehmbare Humax® Klimamembrane</li><li>atmungsaktives Netzinnenfutter</li><li>Belüftungssystem</li><li>Komfortkragen mit Neoprenabschluss, Verbindungsreissverschluss</li><li>sechs Aussen- und zwei Innentaschen</li><li>Sicherheit: Protektoren an Schultern und Ellbogen, herausnehmbare Polsterung im Rücken</li><li>Obermaterial: 100% Polyamid</li><li>Futter: 100% Polyester</li></ul>;;;;;;Auf Lager;Verfügbar : Lieferdatum auf Anfrage;;;;;;;;;;;;;;;;;
43692;1;Büse Murano Jacke Textil;196;323.15;1;180.964;0;;;;;113458;;;;;;;;;;;;;;;;;SCHWARZ/NEON GELB ;<ul><li>Tactel® Gewebe</li><li>Hitena® Verstärkungen</li><li>herausnehmbare Humax® Klimamembrane</li><li>atmungsaktives Netzinnenfutter</li><li>Belüftungssystem</li><li>Komfortkragen mit Neoprenabschluss, Verbindungsreissverschluss</li><li>sechs Aussen- und zwei Innentaschen</li><li>Sicherheit: Protektoren an Schultern und Ellbogen, herausnehmbare Polsterung im Rücken</li><li>Obermaterial: 100% Polyamid</li><li>Futter: 100% Polyester</li></ul>;;;;;;Auf Lager;Verfügbar : Lieferdatum auf Anfrage;;;;;;;;;;;;;;;;;
43694;1;Büse Valencia Damenjacke Textil;196;267.59;1;149.8504;0;;;;;113527;;;;;;;;;;;;;;;;;SCHWARZ/ANTHRAZIT ;<ul><li>Textilgewebe</li><li>Humax® Z-Liner-Klimamembrane</li><li>herausnehmbares Thermofutter</li><li>Netzinnenfutter</li><li>Taillenweitenverstellung</li><li>Belüftungssystem</li><li>mehrfache Armweitenverstellung</li><li>Verbindungsreissverschluss</li><li>drei Taschen </li><li>Sicherheit: herausnehmbare Protektoren an Schultern und Ellbogen, herausnehmbare Polsterung am Rücken</li><li>3M™ Reflexelemente</li><li>Obermaterial: 100% Polyamid</li><li>Futter: 100% Polyester</li></ul>;;;;;;Auf Lager;Verfügbar : Lieferdatum auf Anfrage;;;;;;;;;;;;;;;;;
43696;1;Büse Santo Jacke Textil;196;295.37;1;165.4072;0;;;;;113680;;;;;;;;;;;;;;;;;SCHWARZ ;<ul><li>Polyestergewebe 600 D</li><li>Hitena® Verstärkungen, herausnehmbare Humax® Klimamembrane</li><li>atmungsaktives Netzinnenfutter</li><li>Belüftungssystem</li><li>Komfortkragen mit Neoprenabschluss</li><li>Verbindungsreissverschluss</li><li>7 Aussentaschen</li><li>1 Innentasche</li><li>Sicherheit: Protektoren an Schultern und Ellbogen, herausnehmbare Polsterung im Rücken</li><li>Obermaterial: 100% Polyamid</li><li>Futter: 100% Polyester</li></ul>;;;;;;Auf Lager;Verfügbar : Lieferdatum auf Anfrage;;;;;;;;;;;;;;;;;
43697;1;Büse Santo Jacke Textil;196;295.37;1;165.4072;0;;;;;113689;;;;;;;;;;;;;;;;;SAND ;<ul><li>Polyestergewebe 600 D</li><li>Hitena® Verstärkungen, herausnehmbare Humax® Klimamembrane</li><li>atmungsaktives Netzinnenfutter</li><li>Belüftungssystem</li><li>Komfortkragen mit Neoprenabschluss</li><li>Verbindungsreissverschluss</li><li>7 Aussentaschen</li><li>1 Innentasche</li><li>Sicherheit: Protektoren an Schultern und Ellbogen, herausnehmbare Polsterung im Rücken</li><li>Obermaterial: 100% Polyamid</li><li>Futter: 100% Polyester</li></ul>;;;;;;Auf Lager;Verfügbar : Lieferdatum auf Anfrage;;;;;;;;;;;;;;;;;
44229;1;Büse Bormio Hose Textil;208;249.07;1;139.4792;0;;;;;114024;;;;;;;;;;;;;;;;;Schwarz/Grau;"Polyestergewebe 600 D, Ex-Tex® Klimamembrane,
atmungsaktives Netzinnenfutter, Belüftungssystem, Verbindungsreissverschluss, Antirutschmaterial am Gesäss, 5 Taschen

Sicherheit: SaS-Tec Knieprotektoren, herausnehmbare
Polsterung an der Hüfte

Obermaterial: 90% Polyester, 5% Polyamid, 5% Sonstiges
Futter: 100% Polyester";;;;;;Auf Lager;Verfügbar : Lieferdatum auf Anfrage;;;;;;;;;;;;;;;;;
44231;1;Büse Young Riders Hose Textil;208,235;119.44;1;66.8864;0;;;;;114050;;;;;;;;;;;;;;;;;Schwarz;"Polyestergewebe 600 D, Materialverstärkungen,
Klimamembrane, atmungsaktives Netzinnenfutter,
Verbindungsreissverschluss, Antirutschmaterial am Gesäss, 4 Taschen

Sicherheit: herausnehmbare Sturzpolster an den Knien und an der Hüfte

Obermaterial: 100% Polyester
Futter: 100% Polyester";;;;;;Auf Lager;Verfügbar : Lieferdatum auf Anfrage;;;;;;;;;;;;;;;;;
44235;1;Büse Sunday Textilhose;208;212.04;1;118.7424;0;;;;;114114;;;;;;;;;;;;;;;;;Schwarz/Grau;"Polyestergewebe 600 D, herausnehmbare Humax® Klimamembrane, atmungsaktives Netzinnenfutter, Belüftungssystem, Verbindungsreissverschluss,
Antirutschmaterial am Gesäss, 2 Taschen

Sicherheit: Protektoren am Knie, herausnehmbare
Polsterung an der Hüfte

Obermaterial: 100% Polyester
Futter: 100% Polyester";;;;;;Auf Lager;Verfügbar : Lieferdatum auf Anfrage;;;;;;;;;;;;;;;;;
43698;1;Büse Alessia Damenhose Textil;208;230.56;1;129.1136;0;;;;;114200;;;;;;;;;;;;;;;;;0;<ul><li>Polyestergewebe 500 D</li><li>Nylon Verstärkungen</li><li>Reissa® Klimamembrane</li><li>atmungsaktives Netzinnenfutter, Belüftungssystem</li><li>Verbindungsreissverschluss</li><li>2 Taschen</li><li>Anti-Rutschmaterial am Gesäss</li><li>Sicherheit: Protektoren am Knie, herausnehmbare Polsterung an der Hüfte</li><li>Obermaterial: 80% Polyester, 20% Polyamid</li><li>Futter: 100% Polyester</li></ul>;;;;;;Auf Lager;Verfügbar : Lieferdatum auf Anfrage;;;;;;;;;;;;;;;;;
43699;1;Büse Alessia Damenhose Textil;208;230.56;1;129.1136;0;;;;;114207;;;;;;;;;;;;;;;;;HELLGRAU ;<ul><li>Polyestergewebe 500 D</li><li>Nylon Verstärkungen</li><li>Reissa® Klimamembrane</li><li>atmungsaktives Netzinnenfutter, Belüftungssystem</li><li>Verbindungsreissverschluss</li><li>2 Taschen</li><li>Anti-Rutschmaterial am Gesäss</li><li>Sicherheit: Protektoren am Knie, herausnehmbare Polsterung an der Hüfte</li><li>Obermaterial: 80% Polyester, 20% Polyamid</li><li>Futter: 100% Polyester</li></ul>;;;;;;Auf Lager;Verfügbar : Lieferdatum auf Anfrage;;;;;;;;;;;;;;;;;
44254;1;Büse Young Riders Jacke Textil;208,235;128.7;1;72.072;0;;;;;114678;;;;;;;;;;;;;;;;;Neon-Gelb;"Polyestergewebe 600 D, Materialverstärkungen,
Klimamembrane, atmungsaktives Netzinnenfutter,
Komfortkragen mit Neoprenabschluss, Verbindungsreissverschluss, 4 Aussentaschen, 1 Innentasche

Sicherheit: Sturzpolster an Schultern und Ellbogen,
herausnehmbare Polsterung am Rücken

Obermaterial: 78% Polyester, 22% Polyamid
Futter: 100% Polyester";;;;;;Auf Lager;Verfügbar : Lieferdatum auf Anfrage;;;;;;;;;;;;;;;;;
43701;1;Büse Young Riders Jacke Textil;208;128.7;1;72.072;0;;;;;114683;;;;;;;;;;;;;;;;;NEON-ORANGE ;<ul><li>Polyestergewebe 600 D</li><li>Materialverstärkungen, Klimamembrane</li><li>atmungsaktives Netzinnenfutter, Komfortkragen mit Neoprenabschluss</li><li>Verbindungsreissverschluss</li><li>4 Aussentaschen</li><li>1 Innentasche</li><li>Sicherheit: Sturzpolster an Schultern und Ellbogen, herausnehmbare Polsterung am Rücken</li><li>Obermaterial: 78% Polyester, 22% Polyamid</li><li>Futter: 100% Polyester</li></ul>;;;;;;Auf Lager;Verfügbar : Lieferdatum auf Anfrage;;;;;;;;;;;;;;;;;
43702;1;Büse Hoody Spirit Jacke Textil;196;230.56;1;129.1136;0;;;;;114800;;;;;;;;;;;;;;;;;SCHWARZ ;<ul><li>Strapazierfähige Baumwolle</li><li>DuPont KEVLAR® fiber</li><li>Reissa® Klimamembrane</li><li>atmungsaktives Netzinnenfutter</li><li>abnehmbare Kapuze</li><li>2 Aussentaschen</li><li>3 Innentaschen</li><li>Sicherheit: Sas-Tec Protektoren an Schultern, Rücken und Ellbogen nachrüstbar</li><li>Obermaterial: 100% Baumwolle</li><li>Innenfutter: 100% Polyester</li></ul>;;;;;;Auf Lager;Verfügbar : Lieferdatum auf Anfrage;;;;;;;;;;;;;;;;;
44264;1;Büse Kevlarjeans ;208;184.26;1;103.1856;0;;;;;115011;;;;;;;;;;;;;;;;;Blau;"HERREN

Baumwolle, Kevlar®-Gewebe DuPont™, Kevlar®-Einlagen
zur Verbesserung der Abriebfestigkeit, Protektoren am Knie
nachrüstbar, Protektoren höhenverstellbar
Material: 100% Baumwolle
Futter: 52% Aramid, 48% Polyester";;;;;;Auf Lager;Verfügbar : Lieferdatum auf Anfrage;;;;;;;;;;;;;;;;;
43703;1;Büse B.Racing Jacke Textil;196;230.56;1;129.1136;0;;;;;115230;;;;;;;;;;;;;;;;;0;<ul><li>Polyamidgewebe 500 D</li><li>Hitena® Verstärkungen</li><li>Reissa® Klimamembrane</li><li>atmungsaktives Netzinnenfutter</li><li>Belüftungssystem</li><li>Schulterschalen mit Metalleinsätzen</li><li>weitenverstellbar an Taille, Hüfte und Ärmeln</li><li>Verbindungsreissverschluss</li><li>2 Aussentaschen</li><li>1 Innentasche</li><li>Sicherheit: Protektoren an Schultern und Ellbogen, herausnehmbare Polsterung am Rücken</li><li>Obermaterial: 87% Polyamid, 13% Polyester</li><li>Futter: 100% Polyester</li></ul>;;;;;;Auf Lager;Verfügbar : Lieferdatum auf Anfrage;;;;;;;;;;;;;;;;;
43704;1;Büse Cordoba Jacke Textil;196;304.63;1;170.5928;0;;;;;115340;;;;;;;;;;;;;;;;;SCHWARZ/GRAU ;<ul><li>Tactel® Gewebe</li><li>Hitena® Verstärkungen, herausnehmbare Humax® Klimamembrane</li><li>atmungsaktives Netzinnenfutter</li><li>Komfortkragen mit Neoprenabschluss</li><li>Belüftungssystem</li><li>weitenverstellbar an Taille, Hüfte und Ärmeln</li><li>Verbindungsreissverschluss</li><li>sechs Aussen- und zwei Innentaschen</li><li>Sicherheit: Protektoren an Schultern und Ellbogen, herausnehmbare Polsterung im Rücken</li><li>Obermaterial: 100% Polyamid</li><li>Innenfutter: 100% Polyester</li></ul>;;;;;;Auf Lager;Verfügbar : Lieferdatum auf Anfrage;;;;;;;;;;;;;;;;;
43705;1;Büse Cordoba Jacke Textil;196;304.63;1;170.5928;0;;;;;115343;;;;;;;;;;;;;;;;;SCHWARZ/ORANGE ;<ul><li>Tactel® Gewebe</li><li>Hitena® Verstärkungen, herausnehmbare Humax® Klimamembrane</li><li>atmungsaktives Netzinnenfutter</li><li>Komfortkragen mit Neoprenabschluss</li><li>Belüftungssystem</li><li>weitenverstellbar an Taille, Hüfte und Ärmeln</li><li>Verbindungsreissverschluss</li><li>sechs Aussen- und zwei Innentaschen</li><li>Sicherheit: Protektoren an Schultern und Ellbogen, herausnehmbare Polsterung im Rücken</li><li>Obermaterial: 100% Polyamid</li><li>Innenfutter: 100% Polyester</li></ul>;;;;;;Auf Lager;Verfügbar : Lieferdatum auf Anfrage;;;;;;;;;;;;;;;;;
43706;1;Büse Cordoba Jacke Textil;196;304.63;1;170.5928;0;;;;;115347;;;;;;;;;;;;;;;;;SCHWARZ/WEISS ;<ul><li>Tactel® Gewebe</li><li>Hitena® Verstärkungen, herausnehmbare Humax® Klimamembrane</li><li>atmungsaktives Netzinnenfutter</li><li>Komfortkragen mit Neoprenabschluss</li><li>Belüftungssystem</li><li>weitenverstellbar an Taille, Hüfte und Ärmeln</li><li>Verbindungsreissverschluss</li><li>sechs Aussen- und zwei Innentaschen</li><li>Sicherheit: Protektoren an Schultern und Ellbogen, herausnehmbare Polsterung im Rücken</li><li>Obermaterial: 100% Polyamid</li><li>Innenfutter: 100% Polyester</li></ul>;;;;;;Auf Lager;Verfügbar : Lieferdatum auf Anfrage;;;;;;;;;;;;;;;;;
44269;1;Büse Imola Racing Jacke Textil;196;267.59;1;149.8504;0;;;;;115353;;;;;;;;;;;;;;;;;Schwarz/Orange;"500 D Polyamidgewebe, Humax®-Z-Liner Klimamembrane,
Netzinnenfutter, Schulterschalen mit Metalleinsätzen, Air-
Flow-Belüftungssystem, mehrfache Armweitenverstellung,
elastische Einsätze an den Ellbogen für mehr Komfort, Flexi-
Snap Kragenverschluss, umlaufender Verbindungsreissverschluss, ergonomisch angepasste Schnittführung, zwei Aussen- und zwei Innentaschen, CE-Protektoren an Schultern und Ellbogen
Obermaterial: 100% Polyamid, Futter: 100% Polyester";;;;;;Auf Lager;Verfügbar : Lieferdatum auf Anfrage;;;;;;;;;;;;;;;;;
43709;1;Büse Parka Jacke Textil;196;249.07;1;139.4792;0;;;;;115470;;;;;;;;;;;;;;;;;SCHWARZ ;<ul><li>Polyestergewebe</li><li>Humax® Klimamembrane, atmungsaktives Netzinnenfutter</li><li>herausnehmbaresThermofutter</li><li>Belüftungssystem</li><li>weitenverstellbaran Taille und Ärmeln</li><li>abnehmbare Kapuze</li><li>4 Aussentaschen</li><li>2 Innentaschen davon eine Handytasche</li><li>Sicherheit: Protektoren an Schultern und Ellbogen</li><li>Obermaterial: 100% Polyester</li><li>Futter: 100% Polyester</li></ul>;;;;;;Auf Lager;Verfügbar : Lieferdatum auf Anfrage;;;;;;;;;;;;;;;;;
43710;1;Büse Sponsor Evo Iii Jacke Textil;196;165.74;1;92.8144;0;;;;;115550;;;;;;;;;;;;;;;;;SCHWARZ ;<ul><li>Polyestergewebe 600 D</li><li>atmungsaktives Netzinnenfutter, weitenverstellbar an Taille und Ärmeln</li><li>Verbindungsreissverschluss</li><li>2 Aussentaschen</li><li>1 Innentasche</li><li>Sicherheit: Protektoren an Schultern und Ellbogen, herausnehmbare Polsterung am Rücken</li><li>Obermaterial: 100% Polyester</li><li>Futter: 100% Polyester</li></ul>;;;;;;Auf Lager;Verfügbar : Lieferdatum auf Anfrage;;;;;;;;;;;;;;;;;
43716;1;Büse Torino Evo Jacke Textil;196;276.85;1;155.036;0;;;;;115960;;;;;;;;;;;;;;;;;0;<ul><li>Polyamidgewebe 500 D</li><li>Hitena® Verstärkungen, Humax® Klimamembrane</li><li>atmungsaktives Netzinnenfutter</li><li>Belüftungssystem</li><li>Komfortkragen mit Neoprenabschluss</li><li>Verbindungsreissverschluss</li><li>5 Aussentaschen</li><li>2 Innentaschen</li><li>Sicherheit: Protektoren an Schultern und Ellbogen, herausnehmbare Polsterung im Rücken</li><li>Obermaterial: 100% Polyamid</li><li>Futter: 100% Polyester</li></ul>;;;;;;Auf Lager;Verfügbar : Lieferdatum auf Anfrage;;;;;;;;;;;;;;;;;
43717;1;Büse Torino Evo Jacke Textil;196;258.335;1;144.6676;0;;;;;115962;;;;;;;;;;;;;;;;;SCHWARZ/ROT ;<ul><li>Polyamidgewebe 500 D</li><li>Hitena® Verstärkungen, Humax® Klimamembrane</li><li>atmungsaktives Netzinnenfutter</li><li>Belüftungssystem</li><li>Komfortkragen mit Neoprenabschluss</li><li>Verbindungsreissverschluss</li><li>5 Aussentaschen</li><li>2 Innentaschen</li><li>Sicherheit: Protektoren an Schultern und Ellbogen, herausnehmbare Polsterung im Rücken</li><li>Obermaterial: 100% Polyamid</li><li>Futter: 100% Polyester</li></ul>;;;;;;Auf Lager;Verfügbar : Lieferdatum auf Anfrage;;;;;;;;;;;;;;;;;
43718;1;Büse Torino Evo Jacke Textil;196;258.33;1;144.6648;0;;;;;115967;;;;;;;;;;;;;;;;;SCHWARZ/WEISS ;<ul><li>Polyamidgewebe 500 D</li><li>Hitena® Verstärkungen, Humax® Klimamembrane</li><li>atmungsaktives Netzinnenfutter</li><li>Belüftungssystem</li><li>Komfortkragen mit Neoprenabschluss</li><li>Verbindungsreissverschluss</li><li>5 Aussentaschen</li><li>2 Innentaschen</li><li>Sicherheit: Protektoren an Schultern und Ellbogen, herausnehmbare Polsterung im Rücken</li><li>Obermaterial: 100% Polyamid</li><li>Futter: 100% Polyester</li></ul>;;;;;;Auf Lager;Verfügbar : Lieferdatum auf Anfrage;;;;;;;;;;;;;;;;;
43720;1;Büse Lago Pro Jacke Textil;196;202.78;1;113.5568;0;;;;;116342;;;;;;;;;;;;;;;;;SCHWARZ/ROT ;<ul><li>Polyestergewebe 500 D</li><li>Nylon Verstärkungen, Klimamembrane</li><li>atmungsaktives Netzinnenfutter, Belüftungssystem</li><li>weitenverstellbar an Taille, Hüfte und Ärmeln</li><li>Verbindungsreissverschluss</li><li>4 Aussentaschen</li><li>1 Innentasche</li><li>Sicherheit: Protektoren an Schultern und Ellbogen, herausnehmbare Polsterung im Rücken</li><li>Obermaterial: 95% Polyester, 5% Polyamid</li><li>Futter: 100% Polyester</li></ul>;;;;;;Auf Lager;Verfügbar : Lieferdatum auf Anfrage;;;;;;;;;;;;;;;;;
43721;1;Büse Lago Pro Jacke Textil;196;202.78;1;113.5568;0;;;;;116346;;;;;;;;;;;;;;;;;SCHWARZ/WEISS ;<ul><li>Polyestergewebe 500 D</li><li>Nylon Verstärkungen, Klimamembrane</li><li>atmungsaktives Netzinnenfutter, Belüftungssystem</li><li>weitenverstellbar an Taille, Hüfte und Ärmeln</li><li>Verbindungsreissverschluss</li><li>4 Aussentaschen</li><li>1 Innentasche</li><li>Sicherheit: Protektoren an Schultern und Ellbogen, herausnehmbare Polsterung im Rücken</li><li>Obermaterial: 95% Polyester, 5% Polyamid</li><li>Futter: 100% Polyester</li></ul>;;;;;;Auf Lager;Verfügbar : Lieferdatum auf Anfrage;;;;;;;;;;;;;;;;;
43724;1;Büse Open Road Evo Jacke Textil;196;387.96;1;217.2576;0;;;;;116600;;;;;;;;;;;;;;;;;SCHWARZ ;<ul><li>Tactel® Gewebe</li><li>Hitena® Verstärkungen, herausnehmbare Humax® Klimamembrane</li><li>atmungsaktives Netzinnenfutter</li><li>Belüftungssystem</li><li>Flexi-Snap Kragenverschluss</li><li>Verbindungsreissverschluss</li><li>8 Aussentaschen</li><li>4 Innentaschen</li><li>Sicherheit: SaS-Tec Protektoren an Schultern und Ellbogen, herausnehmbare Polsterung im Rücken</li><li>Obermaterial: 100% Polyamid</li><li>Innenfutter: 100% Polyester</li></ul>;;;;;;Auf Lager;Verfügbar : Lieferdatum auf Anfrage;;;;;;;;;;;;;;;;;
43726;1;Büse Open Road Evo Jacke Textil;196;387.96;1;217.2576;0;;;;;116603;;;;;;;;;;;;;;;;;SCHWARZ/ORANGE ;<ul><li>Tactel® Gewebe</li><li>Hitena® Verstärkungen, herausnehmbare Humax® Klimamembrane</li><li>atmungsaktives Netzinnenfutter</li><li>Belüftungssystem</li><li>Flexi-Snap Kragenverschluss</li><li>Verbindungsreissverschluss</li><li>8 Aussentaschen</li><li>4 Innentaschen</li><li>Sicherheit: SaS-Tec Protektoren an Schultern und Ellbogen, herausnehmbare Polsterung im Rücken</li><li>Obermaterial: 100% Polyamid</li><li>Innenfutter: 100% Polyester</li></ul>;;;;;;Auf Lager;Verfügbar : Lieferdatum auf Anfrage;;;;;;;;;;;;;;;;;
43727;1;Büse Open Road Evo Jacke Textil;196;387.96;1;217.2576;0;;;;;116607;;;;;;;;;;;;;;;;;;<ul><li>Tactel® Gewebe</li><li>Hitena® Verstärkungen, herausnehmbare Humax® Klimamembrane</li><li>atmungsaktives Netzinnenfutter</li><li>Belüftungssystem</li><li>Flexi-Snap Kragenverschluss</li><li>Verbindungsreissverschluss</li><li>8 Aussentaschen</li><li>4 Innentaschen</li><li>Sicherheit: SaS-Tec Protektoren an Schultern und Ellbogen, herausnehmbare Polsterung im Rücken</li><li>Obermaterial: 100% Polyamid</li><li>Innenfutter: 100% Polyester</li></ul>;;;;;;Auf Lager;Verfügbar : Lieferdatum auf Anfrage;;;;;;;;;;;;;;;;;
43728;1;Büse Or Evo Damenjacke Textil;196;360.188;1;201.70528;0;;;;;116610;;;;;;;;;;;;;;;;;;<ul><li>Tactel® Gewebe</li><li>Hitena® Verstärkungen</li><li>herausnehmbare Humax® Klimamembrane</li><li>atmungsaktives Netzinnenfutter</li><li>Belüftungssystem</li><li>weitenverstellbar an Taille, Ärmeln und Hüfte</li><li>Verbindungsreissverschluss</li><li>8 Aussentaschen, 4 Innentaschen</li><li>Sicherheit: Protektoren SaS-Tec an Schultern und Ellbogen, herausnehmbare Polsterung im Rücken</li><li>Obermaterial: 100% Polyamid</li><li>Futter: 100% Polyester</li></ul>;;;;;;Auf Lager;Verfügbar : Lieferdatum auf Anfrage;;;;;;;;;;;;;;;;;
43729;1;Büse Or Evo Damenjacke Textil;196;360.188;1;201.70528;0;;;;;116617;;;;;;;;;;;;;;;;;;<ul><li>Tactel® Gewebe</li><li>Hitena® Verstärkungen</li><li>herausnehmbare Humax® Klimamembrane</li><li>atmungsaktives Netzinnenfutter</li><li>Belüftungssystem</li><li>weitenverstellbar an Taille, Ärmeln und Hüfte</li><li>Verbindungsreissverschluss</li><li>8 Aussentaschen, 4 Innentaschen</li><li>Sicherheit: Protektoren SaS-Tec an Schultern und Ellbogen, herausnehmbare Polsterung im Rücken</li><li>Obermaterial: 100% Polyamid</li><li>Futter: 100% Polyester</li></ul>;;;;;;Auf Lager;Verfügbar : Lieferdatum auf Anfrage;;;;;;;;;;;;;;;;;
44290;1;Büse Virginia Damenhose Textil;208;230.56;1;129.1136;0;;;;;117070;;;;;;;;;;;;;;;;;Schwarz;"Polyamidgewebe 420 D, Humax® Klimamembrane,
atmungsaktives Netzinnenfutter, Verbindungsreissverschluss, 2 Taschen, Anti-
Rutschmaterial am Gesäss

Sicherheit: Protektoren am Knie, herausnehmbare
Polsterung an der Hüfte

Obermaterial: 100% Polyamid
Futter: 100% Polyester";;;;;;Auf Lager;Verfügbar : Lieferdatum auf Anfrage;;;;;;;;;;;;;;;;;
43731;1;Büse Open Road Evo Hose Textil;208;286.11;1;160.2216;0;;;;;117350;;;;;;;;;;;;;;;;;;<ul><li>Tactel® Gewebe</li><li>Hitena® Verstärkungen</li><li>herausnehmbare Humax® Klimamembrane</li><li>atmungsaktives Netzinnenfutter</li><li>Belüftungssystem</li><li>Verbindungsreissverschluss</li><li>Antirutschmaterial am Gesäss</li><li>4 Taschen</li><li>Sicherheit: SaS-Tec Knieprotektoren, herausnehmbare Polsterung an der Hüfte</li><li>Obermaterial: 98% Polyamid, 2% Sonstiges</li><li>Futter: 100% Polyester</li></ul>;;;;;;Auf Lager;Verfügbar : Lieferdatum auf Anfrage;;;;;;;;;;;;;;;;;
43732;1;Büse Open Road Evo Hose Textil;208;286.11;1;160.2216;0;;;;;117357;;;;;;;;;;;;;;;;;;<ul><li>Tactel® Gewebe</li><li>Hitena® Verstärkungen</li><li>herausnehmbare Humax® Klimamembrane</li><li>atmungsaktives Netzinnenfutter</li><li>Belüftungssystem</li><li>Verbindungsreissverschluss</li><li>Antirutschmaterial am Gesäss</li><li>4 Taschen</li><li>Sicherheit: SaS-Tec Knieprotektoren, herausnehmbare Polsterung an der Hüfte</li><li>Obermaterial: 98% Polyamid, 2% Sonstiges</li><li>Futter: 100% Polyester</li></ul>;;;;;;Auf Lager;Verfügbar : Lieferdatum auf Anfrage;;;;;;;;;;;;;;;;;
43733;1;Büse Or Evo Damenhose Textil;208;258.33;1;144.6648;0;;;;;117360;;;;;;;;;;;;;;;;;;<ul><li>Tactel® Gewebe</li><li>Hitena® Verstärkungen</li><li>herausnehmbare Humax® Klimamembrane</li><li>atmungsaktives Netzinnenfutter</li><li>Verbindungsreissverschluss</li><li>Belüftungssystem</li><li>4 Taschen</li><li>Sicherheit: Protektoren am Knie</li><li>Obermaterial: 98% Polyamid, 2% Sonstige</li><li>Futter: 100% Polyester</li></ul>;;;;;;Auf Lager;Verfügbar : Lieferdatum auf Anfrage;;;;;;;;;;;;;;;;;
43734;1;Büse Or Evo Damenhose Textil;208;258.33;1;144.6648;0;;;;;117367;;;;;;;;;;;;;;;;;;<ul><li>Tactel® Gewebe</li><li>Hitena® Verstärkungen</li><li>herausnehmbare Humax® Klimamembrane</li><li>atmungsaktives Netzinnenfutter</li><li>Verbindungsreissverschluss</li><li>Belüftungssystem</li><li>4 Taschen</li><li>Sicherheit: Protektoren am Knie</li><li>Obermaterial: 98% Polyamid, 2% Sonstige</li><li>Futter: 100% Polyester</li></ul>;;;;;;Auf Lager;Verfügbar : Lieferdatum auf Anfrage;;;;;;;;;;;;;;;;;
44294;1;Büse Worker Jeans Hose;208;110.185;1;77.1295;0;;;;;117490;;;;;;;;;;;;;;;;;Schwarz;"SOLANGE VORRAT
EMPFOHLENER VP 199.- CHF SALE 119.-

Polyestergewebe 600 D, Reissa® Klimamembrane, atmungsaktives Netzinnenfutter, Verbindungsreissverschluss, fünf Taschen

Sicherheit: Protektoren am Knie

Obermaterial: 100% Polyester
Futter: 100% Polyester";;;;;;Auf Lager;Verfügbar : Lieferdatum auf Anfrage;;;;;;;;;;;;;;;;;
44296;1;Büse Locarno Hose Textil;208;165.74;1;116.018;0;;;;;117610;;;;;;;;;;;;;;;;;Schwarz;EMPFOHLENER VP 279.- CHF SALE 179.-;;;;;;Auf Lager;Verfügbar : Lieferdatum auf Anfrage;;;;;;;;;;;;;;;;;
44297;1;Büse Lago Hose Textil;208;193.52;1;108.3712;0;;;;;117720;;;;;;;;;;;;;;;;;Schwarz;"Polyestergewebe 600 D, Klimamembrane, atmungsaktives Netzinnenfutter, entnehmbares Thermofutter, Belüftungssystem, Verbindungsreissverschluss,
Antirutschmaterial am Gesäss, 2 Taschen

Sicherheit: Protektoren am Knie, herausnehmbare
Polsterung an der Hüfte

Obermaterial: 94% Polyester, 6% Polyamid
Futter: 100% Polyester";;;;;;Auf Lager;Verfügbar : Lieferdatum auf Anfrage;;;;;;;;;;;;;;;;;
43735;1;Büse Summer Flash Jacke Textil;196;230.56;1;129.1136;0;;;;;117731;;;;;;;;;;;;;;;;;GRAU/BLAU ;<ul><li>Weiches</li><li>strapazierfähiges Polyester Gewebe</li><li>Hitena® Verstärkungen</li><li>entnehmbare Humax® Klimamembrane</li><li>atmungsaktives Netzinnenfutter</li><li>weitenverstellbar an Bund und Ärmeln</li><li>Verbindungsreissverschluss</li><li>2 Aussentaschen, 1 Innentasche</li><li>Sicherheit: Protektoren an Schultern und Ellbogen, herausnehmbare Polsterung im Rücken</li><li>Obermaterial: 100% Polyester</li><li>Futter: 100% Polyester</li></ul>;;;;;;Auf Lager;Verfügbar : Lieferdatum auf Anfrage;;;;;;;;;;;;;;;;;
43736;1;Büse Summer Flash Jacke Textil;196;230.56;1;129.1136;0;;;;;117732;;;;;;;;;;;;;;;;;HELLGRAU/ROT ;<ul><li>Weiches</li><li>strapazierfähiges Polyester Gewebe</li><li>Hitena® Verstärkungen</li><li>entnehmbare Humax® Klimamembrane</li><li>atmungsaktives Netzinnenfutter</li><li>weitenverstellbar an Bund und Ärmeln</li><li>Verbindungsreissverschluss</li><li>2 Aussentaschen, 1 Innentasche</li><li>Sicherheit: Protektoren an Schultern und Ellbogen, herausnehmbare Polsterung im Rücken</li><li>Obermaterial: 100% Polyester</li><li>Futter: 100% Polyester</li></ul>;;;;;;Auf Lager;Verfügbar : Lieferdatum auf Anfrage;;;;;;;;;;;;;;;;;
43737;1;Büse Summer Flash Jacke Textil;196;230.56;1;129.1136;0;;;;;117736;;;;;;;;;;;;;;;;;SCHWARZ/WEISS ;<ul><li>Weiches</li><li>strapazierfähiges Polyester Gewebe</li><li>Hitena® Verstärkungen</li><li>entnehmbare Humax® Klimamembrane</li><li>atmungsaktives Netzinnenfutter</li><li>weitenverstellbar an Bund und Ärmeln</li><li>Verbindungsreissverschluss</li><li>2 Aussentaschen, 1 Innentasche</li><li>Sicherheit: Protektoren an Schultern und Ellbogen, herausnehmbare Polsterung im Rücken</li><li>Obermaterial: 100% Polyester</li><li>Futter: 100% Polyester</li></ul>;;;;;;Auf Lager;Verfügbar : Lieferdatum auf Anfrage;;;;;;;;;;;;;;;;;
44301;1;Büse Racing Hose Textil;208;221.3;1;123.928;0;;;;;117840;;;;;;;;;;;;;;;;;Schwarz;"Polyamidgewebe 500 D, Nylon Verstärkungen, Humax® Klimamembrane, atmungsaktives Netzinnenfutter, Belüftungssystem, Verbindungsreissverschluss,
Antirutschmaterial am Gesäss, 2 Taschen

Sicherheit: Protektoren am Knie, herausnehmbare
Polsterung an der Hüfte

Obermaterial: 98% Polyamid, 2% Sonstiges
Futter: 100% Polyester";;;;;;Auf Lager;Verfügbar : Lieferdatum auf Anfrage;;;;;;;;;;;;;;;;;
43738;1;Büse Lucca Hose Textil;208;258.33;1;144.6648;0;;;;;118150;;;;;;;;;;;;;;;;;SCHWARZ;<ul><li>Tactel® Gewebe</li><li>Hitena® Verstärkungen</li><li>Humax® Klimamembrane</li><li>atmungsaktives Netzinnenfutter</li><li>Belüftungssystem</li><li>Verbindungsreissverschluss, Antirutschmaterial am Gesäss</li><li>2 Taschen</li><li>Sicherheit: Protektoren am Knie, herausnehmbare Polsterung an der Hüfte</li><li>Obermaterial: 98% Polyamid, 2% Sonstiges</li><li>Futter: 100% Polyester</li></ul>;;;;;;Auf Lager;Verfügbar : Lieferdatum auf Anfrage;;;;;;;;;;;;;;;;;
43740;1;Büse Vittoria Damenjacke Textil;196;295.37;1;165.4072;0;;;;;118456;;;;;;;;;;;;;;;;;SCHWARZ ;<ul><li>Polyamidgewebe 500 D</li><li>Humax® Klimamembrane, Komfortkragen mit Neoprenabschluss</li><li>Verbindungsreissverschluss</li><li>4 Aussentaschen, 2 Innentaschen</li><li>Sicherheit: Protektoren an Schultern und Ellbogen, herausnehmbare Polsterung im Rücken</li><li>Obermaterial: 100% Polyamid</li><li>Futter: 100% Polyester</li></ul>;;;;;;Auf Lager;Verfügbar : Lieferdatum auf Anfrage;;;;;;;;;;;;;;;;;
43741;1;Büse Vittoria Damenjacke Textil;196;295.37;1;165.4072;0;;;;;118457;;;;;;;;;;;;;;;;;HELLGRAU/SCHWARZ ;<ul><li>Textilgewebe</li><li>Humax® Z-Liner-Klimamembrane</li><li>herausnehmbares Thermofutter</li><li>Netzinnenfutter</li><li>Taillenweitenverstellung</li><li>Belüftungssystem</li><li>mehrfache Armweitenverstellung</li><li>Verbindungsreissverschluss</li><li>drei Taschen </li><li>Sicherheit: herausnehmbare Protektoren an Schultern und Ellbogen, herausnehmbare Polsterung am Rücken</li><li>3M™ Reflexelemente</li><li>Obermaterial: 100% Polyamid</li><li>Futter: 100% Polyester</li></ul>;;;;;;Auf Lager;Verfügbar : Lieferdatum auf Anfrage;;;;;;;;;;;;;;;;;
43743;1;Büse Marino Stx Jacke Textil;196;415.74;1;232.8144;0;;;;;118560;;;;;;;;;;;;;;;;;;<ul><li>Tactel® Gewebe</li><li>SuperFabric® Verstärkungen, Sympatex® Klimamembrane</li><li>atmungsaktives Netzinnenfutter</li><li>Belüftungssystem</li><li>Flexi-SnapKragenverschluss</li><li>weitenverstellbar an Hüfte und Ärmeln</li><li>Verbindungsreissverschluss</li><li>4 Aussentaschen</li><li>1 Innentasche</li><li>Sicherheit: SaS-Tec Protektoren an Schultern und Ellbogen, herausnehmbare Polsterung im Rücken</li><li>Obermaterial: 94% Polyamid, 6% Polyester</li><li>Futter: 100% Polyester</li></ul>;;;;;;Auf Lager;Verfügbar : Lieferdatum auf Anfrage;;;;;;;;;;;;;;;;;
43744;1;Büse Fano Jacke Textil;196;276.85;1;155.036;0;;;;;118670;;;;;;;;;;;;;;;;;SCHWARZ ;<ul><li>Tactel® Gewebe</li><li>Reissa® Klimamembrane, atmungsaktives Netzinnenfutter</li><li>Komfortkragen mit Neoprenabschluss</li><li>Belüftungssystem, Verbindungsreissverschluss</li><li>5 Aussentaschen</li><li>2 Innentaschen</li><li>Sicherheit: Protektoren an Schultern und Ellbogen, herausnehmbare Polsterung im Rücken</li><li>Obermaterial: 100% Polyamid</li><li>Innenfutter: 100% Polyester</li></ul>;;;;;;Auf Lager;Verfügbar : Lieferdatum auf Anfrage;;;;;;;;;;;;;;;;;
43745;1;Büse Severo Stx Jacke Textil;196;462.04;1;258.7424;0;;;;;118790;;;;;;;;;;;;;;;;;SCHWARZ ;<ul><li>Tactel® Gewebe</li><li>SuperFabric® Verstärkungen, Sympatex® Klimamembrane</li><li>atmungsaktives Netzinnenfutter</li><li>Belüftungssystem</li><li>weitenverstellbaran Ärmeln, Taille und Hüfte</li><li>Verbindungsreissverschluss</li><li>4 Aussentaschen</li><li>1 Innentasche</li><li>Sicherheit: SaS-Tec Protektoren an Schultern und Ellbogen, herausnehmbare Polsterung im Rücken</li><li>Obermaterial: 95% Polyamid, 5% Polyester</li><li>Futter: 100% Polyester</li></ul>;;;;;;Auf Lager;Verfügbar : Lieferdatum auf Anfrage;;;;;;;;;;;;;;;;;
43746;1;Büse Severo Stx Jacke Textil;196;462.04;1;258.7424;0;;;;;118797;;;;;;;;;;;;;;;;;HELLGRAU/SCHWARZ ;<ul><li>Tactel® Gewebe</li><li>SuperFabric® Verstärkungen, Sympatex® Klimamembrane</li><li>atmungsaktives Netzinnenfutter</li><li>Belüftungssystem</li><li>weitenverstellbaran Ärmeln, Taille und Hüfte</li><li>Verbindungsreissverschluss</li><li>4 Aussentaschen</li><li>1 Innentasche</li><li>Sicherheit: SaS-Tec Protektoren an Schultern und Ellbogen, herausnehmbare Polsterung im Rücken</li><li>Obermaterial: 95% Polyamid, 5% Polyester</li><li>Futter: 100% Polyester</li></ul>;;;;;;Auf Lager;Verfügbar : Lieferdatum auf Anfrage;;;;;;;;;;;;;;;;;
43747;1;Büse Teramo Stx Hose Textil;208;323.15;1;180.964;0;;;;;119900;;;;;;;;;;;;;;;;;SCHWARZ ;<ul><li>Tactel® Gewebe</li><li>Hitena® Verstärkungen</li><li>Sympatex® Klimamembrane</li><li>atmungsaktives Netzinnenfutter, Belüftungssystem</li><li>Verbindungsreissverschluss, Antirutschmaterial am Gesäss</li><li>6 Taschen</li><li>Sicherheit: SaS-Tec Knieprotektoren, herausnehmbare Polsterung an der Hüfte</li><li>Obermaterial: 100% Polyamid</li><li>Futter: 100% Polyester</li></ul>;;;;;;Auf Lager;Verfügbar : Lieferdatum auf Anfrage;;;;;;;;;;;;;;;;;
43748;1;Büse Teramo Stx Hose Textil;208;323.15;1;180.964;0;;;;;119907;;;;;;;;;;;;;;;;;HELLGRAU/SCHWARZ ;<ul><li>Tactel® Gewebe</li><li>Hitena® Verstärkungen</li><li>Sympatex® Klimamembrane</li><li>atmungsaktives Netzinnenfutter, Belüftungssystem</li><li>Verbindungsreissverschluss, Antirutschmaterial am Gesäss</li><li>6 Taschen</li><li>Sicherheit: SaS-Tec Knieprotektoren, herausnehmbare Polsterung an der Hüfte</li><li>Obermaterial: 100% Polyamid</li><li>Futter: 100% Polyester</li></ul>;;;;;;Auf Lager;Verfügbar : Lieferdatum auf Anfrage;;;;;;;;;;;;;;;;;
44369;1;Büse Regenkombi;228;115.74;1;64.8144;0;;;;;131007;;;;;;;;;;;;;;;;;Schwarz/Gelb;"Wasserdicht, winddicht, PU beschichtetes Polyestergewebe, Netzinnenfutter, diagonaler
Labyrinth Reissverschluss, reflektierende Einsätze,
elastischer Ärmelsaum, extra lange Reissverschlüsse an den Waden, eine wasserdichte Innentasche

Obermaterial: 100% Polyester
Futter: 100% Polyester";;;;;;Auf Lager;Verfügbar : Lieferdatum auf Anfrage;;;;;;;;;;;;;;;;;
44372;1;Büse Regenjacke;228;82.41;1;46.1496;0;;;;;132307;;;;;;;;;;;;;;;;;Schwarz/Gelb;"Wasserdicht, winddicht, PU beschichtetes Polyestergewebe, Netzinnenfutter, reflektierende Einsätze, elastischer Ärmelsaum, 1 wasserdichte Innentasche

Obermaterial: 100% Polyester
Futter: 100% Polyester";;;;;;Auf Lager;Verfügbar : Lieferdatum auf Anfrage;;;;;;;;;;;;;;;;;
44374;1;Büse Regenhose;228;54.63;1;30.5928;0;;;;;134500;;;;;;;;;;;;;;;;;Schwarz;"Wasserdichtes, PU-beschichtetes Textilgewebe, mit Innenfutter, reflektierende Einsätze, elastischer Hosenbund, extra lange Reissverschlüsse an der Wade 

Obermaterial: 100% Polyester
Futter: 100% Polyester";;;;;;Auf Lager;Verfügbar : Lieferdatum auf Anfrage;;;;;;;;;;;;;;;;;
44406;1;Büse Outlast Nierengurt Textil;206;54.63;1;30.5928;0;;;;;145010;;;;;;;;;;;;;;;;;Schwarz/Grau;"Outlast® HiTech-Innenfutter, ausgeglichenes
Temperaturniveau, elastische Einsätze an den Seiten, ergonomisch angepasste Schnittführung, separat einstellbare Taillenweite";;;;;;Auf Lager;Verfügbar : Lieferdatum auf Anfrage;;;;;;;;;;;;;;;;;
44408;1;Büse Outlast Nierengurt Textil;206;54.63;1;30.5928;0;;;;;145012;;;;;;;;;;;;;;;;;Schwarz/Rot;"Outlast® HiTech-Innenfutter, ausgeglichenes
Temperaturniveau, elastische Einsätze an den Seiten, ergonomisch angepasste Schnittführung, separat einstellbare Taillenweite";;;;;;Auf Lager;Verfügbar : Lieferdatum auf Anfrage;;;;;;;;;;;;;;;;;
44410;1;Büse Outlast Nierengurt Textil;206;54.63;1;30.5928;0;;;;;145019;;;;;;;;;;;;;;;;;Schwarz/Neongelb;"Outlast® HiTech-Innenfutter, ausgeglichenes
Temperaturniveau, elastische Einsätze an den Seiten, ergonomisch angepasste Schnittführung, separat einstellbare Taillenweite";;;;;;Auf Lager;Verfügbar : Lieferdatum auf Anfrage;;;;;;;;;;;;;;;;;
44413;1;Büse Classic Nierengurt Leder;206;82.41;1;46.1496;0;;;;;145400;;;;;;;;;;;;;;;;;Schwarz;"Hochwertiges Rindleder, zwei Taschen doppelter Gürtelverschluss
Länge: 117cm";;;;;;Auf Lager;Verfügbar : Lieferdatum auf Anfrage;;;;;;;;;;;;;;;;;
43751;1;Büse Ultimate Nierengurt Textil;206;54.63;1;30.5928;0;;;;;147008;;;;;;;;;;;;;;;;;0;<ul><li>Herausnehmbares Thinsulate® Thermofutter</li><li>Reissverschlusstasche vorne</li><li>individuelleWeitenverstellung durch Klettverschluss</li></ul>;;;;;;Auf Lager;Verfügbar : Lieferdatum auf Anfrage;;;;;;;;;;;;;;;;;
43758;1;Büse Gesichtsschutz Neopren;229;15.74;1;8.3422;0;;;;;175000;;;;;;;;;;;;;;;;;0;<ul><li>Wind- und Kälteschutz aus Neopren</li><li>Aussparung für die Nase</li><li>Klettverschluss</li><li>Material: 40% Polyester</li><li>60% Polyurethan</li></ul>;;;;;;Auf Lager;Verfügbar : Lieferdatum auf Anfrage;;;;;;;;;;;;;;;;;
44499;1;Büse Gesichtsschutz Neopren;229;15.74;1;4.722;0;;;;;175550;;;;;;;;;;;;;;;;;Schwarz;"Wind- und Kälteschutz aus Neopren, Aussparung für die Nase, Klettverschluss

Material: 40% Polyester, 60% Polyurethan";;;;;;Auf Lager;Verfügbar : Lieferdatum auf Anfrage;;;;;;;;;;;;;;;;;
43760;1;Büse Rossano 2 Protektorenjacke;206;276.85;1;163.3415;0;;;;;184101;;;;;;;;;;;;;;;;;;<ul><li>Lycra-Prallschutz-Jacke / Veste mit Frontreissverschluss,integrierter Nierengurt aus atmungsaktivem Neopren</li><li>Doppelklettsystem</li><li>geprüft nach EN1621-1, EN1621-2</li><li>Material: 70% Polyamid, 15% Elastan, 10% Neopren, 5% Polyurethan</li></ul>;;;;;;Auf Lager;Verfügbar : Lieferdatum auf Anfrage;;;;;;;;;;;;;;;;;
44511;1;Büse Belluno Protektorenweste;206;249.07;1;99.628;0;;;;;184200;;;;;;;;;;;;;;;;;;"Lycra-Prallschutz-Jacke / Veste mit Frontzipp, geprüft nach CE-Norm 1621-1 und 1621-2, integrierter Nierengurt aus atmungsaktivem Airvent-Neopren, Doppelklettsystem

Material: 70% Polyamid, 15% Elastan, 10% Neopren, 5% Polyurethan


Grössentabelle:
S / 157-163 CM
M / 164-175 CM
L / 176-182 CM
XL / 183-194 CM
2XL / Ab 194 CM";;;;;;Auf Lager;Verfügbar : Lieferdatum auf Anfrage;;;;;;;;;;;;;;;;;
43761;1;Büse Belluno 2 Protektorenweste ;206;249.07;1;146.9513;0;;;;;184201;;;;;;;;;;;;;;;;;0;<ul><li>Lycra-Prallschutz-Jacke / Veste mit Frontreissverschluss,integrierter Nierengurt aus atmungsaktivem Neopren</li><li>Doppelklettsystem</li><li>Steissbeinschutz</li><li>geprüft nach EN1621-2</li><li>Material: 70% Polyamid, 15% Elastan, 10% Neopren, 5% Polyurethan</li></ul>;;;;;;Auf Lager;Verfügbar : Lieferdatum auf Anfrage;;;;;;;;;;;;;;;;;
44512;1;Büse Belluno Protektorenweste Damen ;206;249.07;1;99.628;0;;;;;184300;;;;;;;;;;;;;;;;;;"Lycra-Prallschutz-Jacke / Veste mit Frontzipp, geprüft nach CE-Norm 1621-1 und 1621-2, integrierter Nierengurt aus atmungsaktivem Airvent-Neopren, Doppelklettsystem

Material: 70% Polyamid, 15% Elastan, 10% Neopren, 5% Polyurethan";;;;;;Auf Lager;Verfügbar : Lieferdatum auf Anfrage;;;;;;;;;;;;;;;;;
43762;1;Büse Belluno 2 Protektorenweste Damen;206;249.07;1;146.9513;0;;;;;184301;;;;;;;;;;;;;;;;;0;<ul><li>Lycra-Prallschutz-Jacke / Veste mit Frontreissverschluss,integrierter Nierengurt aus atmungsaktivem Neopren</li><li>Doppelklettsystem</li><li>Steissbeinschutz</li><li>geprüft nach EN1621-2</li><li>Material: 70% Polyamid, 15% Elastan, 10% Neopren, 5% Polyurethan</li></ul>;;;;;;Auf Lager;Verfügbar : Lieferdatum auf Anfrage;;;;;;;;;;;;;;;;;
44514;1;Büse Regenhandschuh ;228;23.15;1;12.964;0;;;;;184401;;;;;;;;;;;;;;;;;Schwarz;"Wasserdicht, PU beschichtetes Polyestergewebe

Obermaterial: 100% Polyester

S für die Grössen 6 bis 9
L für die Grössen 10 bis 13";;;;;;Auf Lager;Verfügbar : Lieferdatum auf Anfrage;;;;;;;;;;;;;;;;;
43763;1;Rückenprotektor Büse;206;128.7;1;72.072;0;;;;;186606;;;;;;;;;;;;;;;;;;<ul><li>Aus verschiedenen atmungsaktiven Textilmaterialien. Zum bestmöglichen Schutz findet ein SaS-Tec Protektor Verwendung. Der Nierengurt und die Schultergurte sind einstellbar</li><li>geprüft nach EN1621-2</li><li>Material: 70% Polyamid, 15% Elastan, 10% Neopren, 5% Polyurethan</li></ul>;;;;;;Auf Lager;Verfügbar : Lieferdatum auf Anfrage;;;;;;;;;;;;;;;;;
44538;1;Büse Regenhandschuh ;228;23.15;1;12.964;0;;;;;195500;;;;;;;;;;;;;;;;;Schwarz;"Wasserdicht, PU beschichtetes Polyestergewebe

Obermaterial: 100% Polyester

S für die Grössen 6 bis 9
L für die Grössen 10 bis 13";;;;;;Auf Lager;Verfügbar : Lieferdatum auf Anfrage;;;;;;;;;;;;;;;;;
44539;1;Büse Regenhandschuh ;228;23.15;1;12.964;0;;;;;197200;;;;;;;;;;;;;;;;;Schwarz;"Wasserdicht, PU beschichtetes Polyestergewebe

Obermaterial: 100% Polyester

S für die Grössen 6 bis 9
L für die Grössen 10 bis 13";;;;;;Auf Lager;Verfügbar : Lieferdatum auf Anfrage;;;;;;;;;;;;;;;;;
44540;1;Büse Regenhandschuh ;228;23.15;1;12.964;0;;;;;197201;;;;;;;;;;;;;;;;;Schwarz;"Wasserdicht, PU beschichtetes Polyestergewebe

Obermaterial: 100% Polyester

S für die Grössen 6 bis 9
L für die Grössen 10 bis 13";;;;;;Auf Lager;Verfügbar : Lieferdatum auf Anfrage;;;;;;;;;;;;;;;;;
44541;1;Büse Regenhandschuh ;228;23.15;1;12.964;0;;;;;197603;;;;;;;;;;;;;;;;;Schwarz;"Wasserdicht, PU beschichtetes Polyestergewebe

Obermaterial: 100% Polyester

S für die Grössen 6 bis 9
L für die Grössen 10 bis 13";;;;;;Auf Lager;Verfügbar : Lieferdatum auf Anfrage;;;;;;;;;;;;;;;;;
44542;1;Büse Regenhandschuh ;228;23.15;1;12.964;0;;;;;197604;;;;;;;;;;;;;;;;;Schwarz;"Wasserdicht, PU beschichtetes Polyestergewebe

Obermaterial: 100% Polyester

S für die Grössen 6 bis 9
L für die Grössen 10 bis 13";;;;;;Auf Lager;Verfügbar : Lieferdatum auf Anfrage;;;;;;;;;;;;;;;;;
44543;1;Büse Regenhandschuh ;228;23.15;1;12.964;0;;;;;198400;;;;;;;;;;;;;;;;;Schwarz;"Wasserdicht, PU beschichtetes Polyestergewebe

Obermaterial: 100% Polyester

S für die Grössen 6 bis 9
L für die Grössen 10 bis 13";;;;;;Auf Lager;Verfügbar : Lieferdatum auf Anfrage;;;;;;;;;;;;;;;;;
43786;1;Handschuh Büse Aragon;226;156.48;1;87.6288;0;;;;;300120;;;;;;;;;;;;;;;;;SCHWARZ ;<ul><li>Hochwertiges Rindleder</li><li>Hartschale über den Handknöcheln</li><li>Belüftungssystem</li><li>elastische Einsätze</li><li>Polsterungen</li><li>Material: 100% Leder</li><li>Futter: 100% Polyester</li></ul>;;;;;;Auf Lager;Verfügbar : Lieferdatum auf Anfrage;;;;;;;;;;;;;;;;;
43787;1;Handschuh Büse Aragon;226;156.48;1;87.6288;0;;;;;300126;;;;;;;;;;;;;;;;;WEISS/ROT/SCHWARZ ;<ul><li>Hochwertiges Rindleder</li><li>Hartschale über den Handknöcheln</li><li>Belüftungssystem</li><li>elastische Einsätze</li><li>Polsterungen</li><li>Material: 100% Leder</li><li>Futter: 100% Polyester</li></ul>;;;;;;Auf Lager;Verfügbar : Lieferdatum auf Anfrage;;;;;;;;;;;;;;;;;
44809;1;Handschuh Büse Motegi;218;184.26;1;103.1856;0;;;;;300540;;;;;;;;;;;;;;;;;Schwarz;"Hochwertiges Rindleder, Lederdoppelungen, Carbon-Hartschale über den Handknöcheln, Einlagen aus Aramid®, Belüftungselemente

Material: 100% Leder
Futter: 50% Polyester, 50% Aramid®";;;;;;Auf Lager;Verfügbar : Lieferdatum auf Anfrage;;;;;;;;;;;;;;;;;
44814;1;Handschuh Büse Rider;217;69.44;1;38.8864;0;;;;;300590;;;;;;;;;;;;;;;;;Schwarz;"Rindleder, Porelle® Klimamembrane, Lederdoppelungen,
elastische Einsätze

Material: 100% Leder
Futter: 100% Polyester";;;;;;Auf Lager;Verfügbar : Lieferdatum auf Anfrage;;;;;;;;;;;;;;;;;
44818;1;Handschuh Büse Airway;218;110.188;1;61.70528;0;;;;;300720;;;;;;;;;;;;;;;;;Schwarz;"Rindleder, 3D-Netzfutter, Carbon-Hartschale über den Handknöcheln, Materialdoppelungen

Material: 72% Leder, 25% Polyamid, 3% Sonstiges
Futter: 100% Polyester";;;;;;Auf Lager;Verfügbar : Lieferdatum auf Anfrage;;;;;;;;;;;;;;;;;
44820;1;Handschuh Büse Airway;218;110.188;1;61.70528;0;;;;;300726;;;;;;;;;;;;;;;;;Weiss/Schwarz;"Rindleder, 3D-Netzfutter, Carbon-Hartschale über den Handknöcheln, Materialdoppelungen

Material: 72% Leder, 25% Polyamid, 3% Sonstiges
Futter: 100% Polyester";;;;;;Auf Lager;Verfügbar : Lieferdatum auf Anfrage;;;;;;;;;;;;;;;;;
44823;1;Handschuh Büse Nordkapp;217;78.7;1;44.072;0;;;;;300860;;;;;;;;;;;;;;;;;Schwarz;"Rindleder, Textilgewebe 500 D, Porelle® Klimaembrane,
Lederdoppelungen, Polsterung über den Handknöcheln, Thinsulate® Wärmeisolation

Material: 70% Leder, 30% Polyamid
Futter: 100% Polyester";;;;;;Auf Lager;Verfügbar : Lieferdatum auf Anfrage;;;;;;;;;;;;;;;;;
43793;1;Handschuh Büse Misano;226;119.44;1;66.8864;0;;;;;300910;;;;;;;;;;;;;;;;;;;;;;;;Auf Lager;Verfügbar : Lieferdatum auf Anfrage;;;;;;;;;;;;;;;;;
43794;1;Handschuh Büse Rookie;218;60.188;1;33.70528;0;;;;;301100;;;;;;;;;;;;;;;;;;<ul><li>Rindleder</li><li>Textil</li><li>Lederdoppelungen</li><li>Polsterung über den Handknöcheln</li><li>elastische Einsätze</li><li>Material: 95% Leder, 5% Sonstiges</li><li>Futter: 100% Polyester</li></ul>;;;;;;Auf Lager;Verfügbar : Lieferdatum auf Anfrage;;;;;;;;;;;;;;;;;
43795;1;Handschuh Büse Pro Race;226;73.15;1;40.964;0;;;;;302460;;;;;;;;;;;;;;;;;SCHWARZ ;<ul><li>Hochwertiges Rindleder</li><li>elastisches Textilgewebe,Belüftungssystem</li><li>Hartschale über den Handknöcheln</li><li>Materialdoppelungen</li><li>Material: 100% Polyester</li><li>100% Leder</li><li>Futter: 100% Ployester</li></ul>;;;;;;Auf Lager;Verfügbar : Lieferdatum auf Anfrage;;;;;;;;;;;;;;;;;
43796;1;Handschuh Büse Black Ride ;223;60.188;1;33.70528;0;;;;;303280;;;;;;;;;;;;;;;;;SCHWARZ ;<ul><li>Hochwertiges Rindleder</li><li>Hartschale über den Handknöcheln</li><li>Materialdoppelungen</li><li>Material: 100% Polyester</li><li>100% Leder</li><li>Futter: 100% Ployester</li></ul>;;;;;;Auf Lager;Verfügbar : Lieferdatum auf Anfrage;;;;;;;;;;;;;;;;;
43800;1;Handschuh Büse Or Sport;226;73.15;1;40.964;0;;;;;305500;;;;;;;;;;;;;;;;;;<ul><li>Rindleder</li><li>elastisches Textilgewebe</li><li>Lederdoppelungen,Hartschale über den Handknöcheln</li><li>Material: 60% Leder, 20% Polyamid, 20% Polyester</li><li>Futter: 100% Ployester</li></ul>;;;;;;Auf Lager;Verfügbar : Lieferdatum auf Anfrage;;;;;;;;;;;;;;;;;
43802;1;Handschuh Büse Air Pro;226;78.7;1;44.072;0;;;;;306350;;;;;;;;;;;;;;;;;;<ul><li>Rindleder</li><li>3D-Netzfutter</li><li>Hartschale über den Handknöcheln</li><li>reflektierende Einsätze</li><li>elastische Einsätze</li><li>Material: 60% Leder, 30% Polyester, 10% Polyamid</li><li>Futter: 100% Polyester</li></ul>;;;;;;Auf Lager;Verfügbar : Lieferdatum auf Anfrage;;;;;;;;;;;;;;;;;
43803;1;Handschuh Büse Pit Lane;226;91.67;1;51.3352;0;;;;;307780;;;;;;;;;;;;;;;;;;<ul><li>Rindleder</li><li>Lederdoppelungen</li><li>Hartschale über den Handknöcheln</li><li>Belüftungssystem</li><li>elastische Einsätze</li><li>Material: 100% Leder</li><li>Futter: 100% Polyester</li></ul>;;;;;;Auf Lager;Verfügbar : Lieferdatum auf Anfrage;;;;;;;;;;;;;;;;;
43804;1;Handschuh Büse Pit Lane;226;91.67;1;51.3352;0;;;;;307783;;;;;;;;;;;;;;;;;;<ul><li>Rindleder</li><li>Lederdoppelungen</li><li>Hartschale über den Handknöcheln</li><li>Belüftungssystem</li><li>elastische Einsätze</li><li>Material: 100% Leder</li><li>Futter: 100% Polyester</li></ul>;;;;;;Auf Lager;Verfügbar : Lieferdatum auf Anfrage;;;;;;;;;;;;;;;;;
43806;1;Handschuh Büse Pit Lane;226;91.67;1;51.3352;0;;;;;307786;;;;;;;;;;;;;;;;;;<ul><li>Rindleder</li><li>Lederdoppelungen</li><li>Hartschale über den Handknöcheln</li><li>Belüftungssystem</li><li>elastische Einsätze</li><li>Material: 100% Leder</li><li>Futter: 100% Polyester</li></ul>;;;;;;Auf Lager;Verfügbar : Lieferdatum auf Anfrage;;;;;;;;;;;;;;;;;
43807;1;Handschuh Büse Ascari;218;100.93;1;56.5208;0;;;;;308890;;;;;;;;;;;;;;;;;;<ul><li>Hochwertiges Rindleder</li><li>Porelle® Klimamembrane,Hartschale über den Handknöcheln</li><li>Polsterungen</li><li>reflektierende Elemente</li><li>Material: 100% Polyester</li><li>100% Leder</li><li>Futter: 100% Polyester</li></ul>;;;;;;Auf Lager;Verfügbar : Lieferdatum auf Anfrage;;;;;;;;;;;;;;;;;
43808;1;Handschuh Büse Or Touring;218;91.67;1;51.3352;0;;;;;309900;;;;;;;;;;;;;;;;;SCHWARZ ;<ul><li>Rindleder</li><li>Porelle® Membrane</li><li>Lederdoppelungen,Hartschale über den Handknöcheln</li><li>Material: 60% Leder, 30% Polyamid, 10% Polyester</li><li>Futter: 100% Polyester</li></ul>;;;;;;Auf Lager;Verfügbar : Lieferdatum auf Anfrage;;;;;;;;;;;;;;;;;
44831;1;Handschuh Büse Kiruna Winter;217;82.41;1;46.1496;0;;;;;312850;;;;;;;;;;;;;;;;;Schwarz;"Rindleder, Polyamidgewebe 500 D, Hipora® Membrane, Thinsulate® Wärmeisolation, Lederdoppelungen,
reflektierender Einsatz

Material: 50% Leder, 50% Polyamid
Futter: 100% Polyester";;;;;;Auf Lager;Verfügbar : Lieferdatum auf Anfrage;;;;;;;;;;;;;;;;;
44833;1;Handschuh Büse Narvik Winter;217;100.93;1;56.5208;0;;;;;313960;;;;;;;;;;;;;;;;;Schwarz;"Rindleder, Porelle® Membrane, Thinsulate® Wärmeisolation, Lederdoppelungen, Polsterung über den Handknöcheln

Material: 100% Leder
Futter: 100% Polyester";;;;;;Auf Lager;Verfügbar : Lieferdatum auf Anfrage;;;;;;;;;;;;;;;;;
44835;1;Büse Halswärmer;229;36.11;1;20.2216;0;;;;;320690;;;;;;;;;;;;;;;;;Schwarz;Material: Tactel/Polarfleece;;;;;;Auf Lager;Verfügbar : Lieferdatum auf Anfrage;;;;;;;;;;;;;;;;;
44842;1;Handschuh Büse Open Road Evo;218;60.188;1;33.70528;0;;;;;330910;;;;;;;;;;;;;;;;;Schwarz;"Rindleder, elastisches Netzgewebe, Clarino®,
ergonomische Schnittführung, Hartschale über den Handknöcheln

Material: 67% Polyamid, 20% Polyurethan, 13% Leder";;;;;;Auf Lager;Verfügbar : Lieferdatum auf Anfrage;;;;;;;;;;;;;;;;;
44844;1;Handschuh Büse Open Road Evo;218;60.188;1;33.70528;0;;;;;330916;;;;;;;;;;;;;;;;;Schwarz/Weiss;"Rindleder, elastisches Netzgewebe, Clarino®,
ergonomische Schnittführung, Hartschale über den Handknöcheln

Material: 67% Polyamid, 20% Polyurethan, 13% Leder";;;;;;Auf Lager;Verfügbar : Lieferdatum auf Anfrage;;;;;;;;;;;;;;;;;
43810;1;Handschuh Büse Solara Damen;218;73.15;1;40.964;0;;;;;340290;;;;;;;;;;;;;;;;;;<ul><li>Rindleder</li><li>elastisches Textilgewebe</li><li>Hartschale über den Handknöcheln</li><li>reflektierende Elemente</li><li>elastische Einsätze</li><li>Material: 100% Polyester</li><li>100% Leder</li><li>Futter: 100% Polyester</li></ul>;;;;;;Auf Lager;Verfügbar : Lieferdatum auf Anfrage;;;;;;;;;;;;;;;;;
43811;1;Handschuh Büse Summer Damen Schwarz;218;73.15;1;40.964;0;;;;;340300;;;;;;;;;;;;;;;;;;<ul><li>Hochwertiges</li><li>weiches Ziegenleder</li><li>Perforation zur Belüftung</li><li>Polsterungen</li><li>Material: 100% Leder</li><li>Futter: 100% Polyester</li></ul>;;;;;;Auf Lager;Verfügbar : Lieferdatum auf Anfrage;;;;;;;;;;;;;;;;;
43812;1;Handschuh Büse Summer Damen Beige;218;73.15;1;40.964;0;;;;;340309;;;;;;;;;;;;;;;;;;<ul><li>Hochwertiges</li><li>weiches Ziegenleder</li><li>Perforation zur Belüftung</li><li>Polsterungen</li><li>Material: 100% Leder</li><li>Futter: 100% Polyester</li></ul>;;;;;;Auf Lager;Verfügbar : Lieferdatum auf Anfrage;;;;;;;;;;;;;;;;;
44851;1;Handschuh Büse Barca Damen;217;63.89;1;35.7784;0;;;;;340770;;;;;;;;;;;;;;;;;Schwarz;"Rindleder, Textilgewebe 300 D, Porelle® Klimamembrane,
Lederdoppelungen, Polsterung über den Handknöcheln, elastische Einsätze

Material: 60% Polyester, 40% Leder
Futter: 100% Polyester";;;;;;Auf Lager;Verfügbar : Lieferdatum auf Anfrage;;;;;;;;;;;;;;;;;
43813;1;Handschuh Büse Misano Damen;226;106.48;1;59.6288;0;;;;;340910;;;;;;;;;;;;;;;;;;<ul><li>Rindleder</li><li>Belüftungseinsätze an den Fingern,Lederdoppelungen</li><li>Carbon-Hartschale mit Metaleinsatzüber dem Handgelenk</li><li>Material: 95% Leder, 5% Sonstiges</li><li>Futter: 100% Polyester</li></ul>;;;;;;Auf Lager;Verfügbar : Lieferdatum auf Anfrage;;;;;;;;;;;;;;;;;
43814;1;Handschuh Büse Pit Lane Damen;226;91.67;1;51.3352;0;;;;;347780;;;;;;;;;;;;;;;;;;<ul><li>Hochwertiges Rindleder</li><li>Lederdoppelungen</li><li>Hartschale über den Handknöcheln</li><li>reflektierende Elemente</li><li>Material: 100% Leder</li><li>Futter: 100% Polyester</li></ul>;;;;;;Auf Lager;Verfügbar : Lieferdatum auf Anfrage;;;;;;;;;;;;;;;;;
43815;1;Handschuh Büse Pit Lane Damen;226;91.67;1;51.3352;0;;;;;347786;;;;;;;;;;;;;;;;;;<ul><li>Hochwertiges Rindleder</li><li>Lederdoppelungen</li><li>Hartschale über den Handknöcheln</li><li>reflektierende Elemente</li><li>Material: 100% Leder</li><li>Futter: 100% Polyester</li></ul>;;;;;;Auf Lager;Verfügbar : Lieferdatum auf Anfrage;;;;;;;;;;;;;;;;;
43816;1;Handschuh Büse Ascari Damen;218;100.93;1;56.5208;0;;;;;348890;;;;;;;;;;;;;;;;;;<ul><li>Hochwertiges Rindleder</li><li>Porelle® Klimamembrane</li><li>Hartschale über den Handknöcheln</li><li>Polsterungen,reflektierende Elemente</li><li>Material: 100% Polyester</li><li>100% Leder</li><li>Futter: 100% Polyester</li></ul>;;;;;;Auf Lager;Verfügbar : Lieferdatum auf Anfrage;;;;;;;;;;;;;;;;;
44855;1;Handschuh Büse Chopper;223;24.07;1;13.4792;0;;;;;350250;;;;;;;;;;;;;;;;;Schwarz;"Rindleder, Lederdoppelungen, Polsterung
Obermaterial: 100% Leder";;;;;;Auf Lager;Verfügbar : Lieferdatum auf Anfrage;;;;;;;;;;;;;;;;;
43817;1;Handschuh Büse Summer Schwarz;218;73.15;1;40.964;0;;;;;350300;;;;;;;;;;;;;;;;;;<ul><li>Hochwertiges</li><li>weiches Ziegenleder</li><li>Perforation zur Belüftung</li><li>Polsterungen</li><li>Material: 100% Leder</li><li>Futter: 100% Polyester</li></ul>;;;;;;Auf Lager;Verfügbar : Lieferdatum auf Anfrage;;;;;;;;;;;;;;;;;
43818;1;Handschuh Büse Summer Beige;218;73.15;1;40.964;0;;;;;350309;;;;;;;;;;;;;;;;;;<ul><li>Hochwertiges</li><li>weiches Ziegenleder</li><li>Perforation zur Belüftung</li><li>Polsterungen</li><li>Material: 100% Leder</li><li>Futter: 100% Polyester</li></ul>;;;;;;Auf Lager;Verfügbar : Lieferdatum auf Anfrage;;;;;;;;;;;;;;;;;
44857;1;Handschuh Büse Cruiser/Nieten;223;32.41;1;18.1496;0;;;;;350620;;;;;;;;;;;;;;;;;Schwarz;"Rindleder, Lederdoppelungen, Polsterung, Nieten
Obermaterial: 100% Leder";;;;;;Auf Lager;Verfügbar : Lieferdatum auf Anfrage;;;;;;;;;;;;;;;;;
44859;1;Handschuh Büse Classic;223;54.63;1;30.5928;0;;;;;351470;;;;;;;;;;;;;;;;;Schwarz;"Hochwertiges, weiches Rindleder

Material: 100% Leder
Futtter: 100% Baumwollviskose";;;;;;Auf Lager;Verfügbar : Lieferdatum auf Anfrage;;;;;;;;;;;;;;;;;
44952;1;Büse City Limit Stiefel;214;128.7;1;72.072;0;;;;;500145;;;;;;;;;;;;;;;;;Schwarz;"Mix aus Leder und Textil, Hipora® Klimamembrane,
Knöchel-, Fersen- und Schaltverstärkung, kombinierter Schnür- und Klettverschluss, reflektierende Streifen, Schafthöhe ca. 15 cm";;;;;;Auf Lager;Verfügbar : Lieferdatum auf Anfrage;;;;;;;;;;;;;;;;;
44954;1;Büse Stiefel B40 Touring;213;212.04;1;118.7424;0;;;;;500400;;;;;;;;;;;;;;;;;Schwarz;Hochwertiges Leder, Hipora® Klimamembrane, Schienbein- und Knöchelverstärkung aus stabilem Kunststoff, Fersen- und Schaltverstärkung, Schaftweitenverstellung durch beidseitigen Klettverschluss, Reissverschluss mit Klettabdeckung, Reflektoren im Fersenbereich, Schafthöhe ca. 25 cm;;;;;;Auf Lager;Verfügbar : Lieferdatum auf Anfrage;;;;;;;;;;;;;;;;;
43819;1;Büse Stiefel B60 Touring;213;184.26;1;103.1856;0;;;;;500600;;;;;;;;;;;;;;;;;;<ul><li>WASSERDICHTHochwertiges Leder</li><li>Hypora® Klimamembrane,Knöchelverstärkung aus stabilem Kunststoff,Schienbein-</li><li>Fersen- und Schalthebelverstärkung,Stretch Einsätze</li><li>Reissverschluss mit Lederabdeckung</li><li>Reflektoren im Fersenbereich</li><li>Schafthöhe ca. 31 cm</li></ul>;;;;;;Auf Lager;Verfügbar : Lieferdatum auf Anfrage;;;;;;;;;;;;;;;;;
43820;1;Büse Stiefel B80 Touring;213;165.74;1;92.8144;0;;;;;500800;;;;;;;;;;;;;;;;;;<ul><li>Leder</li><li>Hipora® Klimamembrane</li><li>Knöchel- und Schaltverstärkung</li><li>beidseitiger Reissverschluss mit Klettabdeckung</li><li>reflektierende Streifen</li><li>Schafthöhe ca. 21 cm</li></ul>;;;;;;Auf Lager;Verfügbar : Lieferdatum auf Anfrage;;;;;;;;;;;;;;;;;
43821;1;Büse Stiefel Toursport;213;189.81;1;106.2936;0;;;;;503600;;;;;;;;;;;;;;;;;;<ul><li>PU-beschichtetes Leder</li><li>Hipora® Klimamembrane</li><li>Schienbein- und Knöchelverstärkung</li><li>Schaltverstärkung</li><li>Schaftweitenverstellung durch Klettverschluss</li></ul>;;;;;;Auf Lager;Verfügbar : Lieferdatum auf Anfrage;;;;;;;;;;;;;;;;;
43822;1;Büse Stiefel Enduro;213;91.67;1;51.3352;0;;;;;503800;;;;;;;;;;;;;;;;;;<ul><li>Hochwertiges Leder</li><li>Hypora®Klimamembrane</li><li>eingearbeitete Schienbein- und Knöchelverstärkung</li><li>verstell- und auswechselbare Schnallen</li><li>Schafthöhe 29cm</li></ul>;;;;;;Auf Lager;Verfügbar : Lieferdatum auf Anfrage;;;;;;;;;;;;;;;;;
43823;1;Büse Stiefel Open Road;213;239.81;1;134.2936;0;;;;;503900;;;;;;;;;;;;;;;;;;<ul><li>Hochwertiges Leder</li><li>Hypora® Klimamembrane,eingearbeitete Schienbein- und Knöchelverstärkung,verstell- und auswechselbare Schnallen</li><li>Schafthöhe ca. 29 cm</li></ul>;;;;;;Auf Lager;Verfügbar : Lieferdatum auf Anfrage;;;;;;;;;;;;;;;;;
43824;1;Büse Stiefel B58 Touring;213;140.74;1;78.8144;0;;;;;505250;;;;;;;;;;;;;;;;;;<ul><li>Leder / Textilmix</li><li>Hipora® Klimamembrane,Knöchelverstärkung</li><li>Schnürverschluss</li><li>reflektierendeStreifen</li><li>Schafthöhe ca. 14 cm</li></ul>;;;;;;Auf Lager;Verfügbar : Lieferdatum auf Anfrage;;;;;;;;;;;;;;;;;
43825;1;Büse Stiefel Lady Ii;213;91.67;1;51.3352;0;;;;;506070;;;;;;;;;;;;;;;;;;<ul><li>Hochwertigesleder</li><li>Hipora® Klimamembrane</li><li>seitlicherReissverschluss</li><li>Schafthöhe ca. 15 cm</li></ul>;;;;;;Auf Lager;Verfügbar : Lieferdatum auf Anfrage;;;;;;;;;;;;;;;;;
43828;1;Büse Stiefel Short Race;213;184.26;1;103.1856;0;;;;;511020;;;;;;;;;;;;;;;;;;<ul><li>WASSER- UND WINDDICHTHochwertiges Leder</li><li>Hipora® Klimamembrane,Knöchelverstärkung aus stabilem Kunststoff</li><li>Fersenverstärkung</li><li>Schaltverstärkung</li><li>auswechselbarerSchleifer</li><li>Komfortpolster an Ferse und Spann</li><li>Schafthöhe ca. 20 cm</li></ul>;;;;;;Auf Lager;Verfügbar : Lieferdatum auf Anfrage;;;;;;;;;;;;;;;;;
43833;1;Büse Stiefel Superbike;213;226.85;1;127.036;0;;;;;519400;;;;;;;;;;;;;;;;;;<ul><li>Leder</li><li>Hypora Membrane</li><li>atmungsaktives Netzinnenfutter</li><li>Fersenverstärkung</li><li>Schaltverstärkung</li><li>auswechselbarer Schleifer aus Metall</li><li>Schaftweitenverstellung durch Klettverschluss</li></ul>;;;;;;Auf Lager;Verfügbar : Lieferdatum auf Anfrage;;;;;;;;;;;;;;;;;
43835;1;Büse Stiefel Engineer;359;165.74;1;92.8144;0;;;;;544850;;;;;;;;;;;;;;;;;;<ul><li>Robuster</li><li>hochwertiger Stiefel aus Leder</li><li>rutschfeste Sohle,Classic-Design</li><li>Schafthöhe 27cm</li></ul>;;;;;;Auf Lager;Verfügbar : Lieferdatum auf Anfrage;;;;;;;;;;;;;;;;;
45728;1;Büse Abdeckplane Indoor;263;32.41;1;17.1773;0;;;;;974102;;;;;;;;;;;;;;;;;;"Staubdecke, handwaschbar

Grösse: 264x105x130 cm";;;;;;Auf Lager;Verfügbar : Lieferdatum auf Anfrage;;;;;;;;;;;;;;;;;
45729;1;Büse Abdeckplane Outdoor;263;54.63;1;28.9539;0;;;;;975303;;;;;;;;;;;;;;;;;;"100% wasserdichte PVC-Folie, stabile Ausführung, Sichtfenster für Nummernschild, textiles Innematerial als Lackschutz, Befestigungsriemen mit Clipschloss, Ösen zur Sicherung mit Schloss

Grösse: 246x105x127 cm";;;;;;Auf Lager;Verfügbar : Lieferdatum auf Anfrage;;;;;;;;;;;;;;;;;
45730;1;Büse Abdeckplane Outdoor;263;73.15;1;38.7695;0;;;;;975500;;;;;;;;;;;;;;;;;Schwarz;"100% wasserdichte PVC-Folie, UV-stabil, Belüftung

Grösse: 246x105x127 cm";;;;;;Auf Lager;Verfügbar : Lieferdatum auf Anfrage;;;;;;;;;;;;;;;;;
53602;1;Büse Sitzbankabdeckung Outdoor;263;17.59;1;9.3227;0;;;;;976200;;;;;;;;;;;;;;;;;Schwarz;"100% wasserdichte Regenhaube für die Sitzbank,
umlaufender Gummizug";;;;;;Auf Lager;Verfügbar : Lieferdatum auf Anfrage;;;;;;;;;;;;;;;;;
45732;1;Büse Abdeckplane Atv Outdoor;263;54.63;1;28.9539;0;;;;;976406;;;;;;;;;;;;;;;;;;"100% wasserdichte PVC-Folie, stabile Ausführung

Grösse: 251x125x85 cm";;;;;;Auf Lager;Verfügbar : Lieferdatum auf Anfrage;;;;;;;;;;;;;;;;;
45733;1;Büse Abdeckplane Atv Outdoor;263;54.63;1;28.9539;0;;;;;976500;;;;;;;;;;;;;;;;;;"100% wasserdichte PVC-Folie, stabile Ausführung

Grösse: 251x125x85 cm";;;;;;Auf Lager;Verfügbar : Lieferdatum auf Anfrage;;;;;;;;;;;;;;;;;
53603;1;Büse Abdeckplane Outdoor;263;60.19;1;31.9007;0;;;;;976800;;;;;;;;;;;;;;;;;Schwarz;"100% wasserdichte PVC-Folie, für Motorräder und Roller mit Topcase, kälte- und wärmestabil

Grösse: ca. 277x103x141 cm";;;;;;Auf Lager;Verfügbar : Lieferdatum auf Anfrage;;;;;;;;;;;;;;;;;
44182;1;Büse La-Guna Damen Lederkombi 2 Tlg.;209;684.26;1;383.1856;0;;;;;102700-D;;;;;;;;;;;;;;;;;;<ul><li>Leder 1.2 mm</li><li>atmungsaktives Netzinnenfutter</li><li>elastische Einsätze zur Optimierung der Bewegungsfreiheit</li><li>ergonomisch angepasste Schnittführung</li><li>Hartschalen mit Metalleinsätzen an Schultern</li><li>Verbindungsreissverschluss,2 Innentaschen</li><li>Sicherheit: Sas-Tec Protektoren an Schultern, Ellbogen und Knien, herausnehmbare Polsterungen am Rücken und an der Hüfte</li><li>Material: 100% Leder</li><li>Strecheinsätze: 95% Polyester, 5% Elastan</li><li>Futter: 100% Polyester</li></ul>;;;;;;Auf Lager;Verfügbar : Lieferdatum auf Anfrage;;;;;;;;;;;;;;;;;
44184;1;Büse Lederjeans Damen;208;165.74;1;92.8144;0;;;;;104100-D;;;;;;;;;;;;;;;;;;<ul><li>Rindleder 1.2 mm</li><li>atmungsaktives Netzinnenfutter</li><li>SaS-Tec Protektoren an Hüfte und Knien nachrüstbar</li><li>fünf Taschen</li><li>Obermaterial: 100% Leder</li><li>Futter: 100% Polyester</li></ul>;;;;;;Auf Lager;Verfügbar : Lieferdatum auf Anfrage;;;;;;;;;;;;;;;;;
44279;1;Büse Torino Evo Damenjacke Textil;196;276.85;1;155.036;0;;;;;115960-D;;;;;;;;;;;;;;;;;;<ul><li>Polyamidgewebe 500 D</li><li>Hitena® Verstärkungen</li><li>Humax® Klimamembrane</li><li>Komfortkragen mit Neoprenabschluss</li><li>Belüftungssystem</li><li>Verbindungsreissverschluss</li><li>5 Aussentaschen</li><li>2 Innentaschen</li><li>Sicherheit: Protektoren an Schultern und Ellbogen, herausnehmbare Polsterung im Rücken</li><li>Obermaterial: 100% Polyamid</li><li>Futter: 100% Polyester</li></ul>;;;;;;Auf Lager;Verfügbar : Lieferdatum auf Anfrage;;;;;;;;;;;;;;;;;
44280;1;Büse Torino Evo Damenjacke Textil;196;276.85;1;155.036;0;;;;;115962-D;;;;;;;;;;;;;;;;;;<ul><li>Polyamidgewebe 500 D</li><li>Hitena® Verstärkungen, Humax® Klimamembrane</li><li>atmungsaktives Netzinnenfutter</li><li>Belüftungssystem</li><li>Komfortkragen mit Neoprenabschluss</li><li>Verbindungsreissverschluss</li><li>5 Aussentaschen</li><li>2 Innentaschen</li><li>Sicherheit: Protektoren an Schultern und Ellbogen, herausnehmbare Polsterung im Rücken</li><li>Obermaterial: 100% Polyamid</li><li>Futter: 100% Polyester</li></ul>;;;;;;Auf Lager;Verfügbar : Lieferdatum auf Anfrage;;;;;;;;;;;;;;;;;
44281;1;Büse Torino Evo Damenjacke Textil;196;276.85;1;155.036;0;;;;;115967-D;;;;;;;;;;;;;;;;;;<ul><li>Polyamidgewebe 500 D</li><li>Hitena® Verstärkungen, Humax® Klimamembrane</li><li>atmungsaktives Netzinnenfutter</li><li>Belüftungssystem</li><li>Komfortkragen mit Neoprenabschluss</li><li>Verbindungsreissverschluss</li><li>5 Aussentaschen</li><li>2 Innentaschen</li><li>Sicherheit: Protektoren an Schultern und Ellbogen, herausnehmbare Polsterung im Rücken</li><li>Obermaterial: 100% Polyamid</li><li>Futter: 100% Polyester</li></ul>;;;;;;Auf Lager;Verfügbar : Lieferdatum auf Anfrage;;;;;;;;;;;;;;;;;
44300;1;Büse Summer Flash Damenjacke Textil;196;230.56;1;129.1136;0;;;;;117736-D;;;;;;;;;;;;;;;;;SCHWARZ/WEISS ;<ul><li>Weiches</li><li>strapazierfähiges Polyester Gewebe</li><li>Hitena® Verstärkungen</li><li>entnehmbare Humax® Klimamembrane</li><li>atmungsaktives Netzinnenfutter</li><li>weitenverstellbar an Bund und Ärmeln</li><li>Verbindungsreissverschluss</li><li>2 Aussentaschen, 1 Innentasche</li><li>Sicherheit: Protektoren an Schultern und Ellbogen, herausnehmbare Polsterung im Rücken</li><li>Obermaterial: 100% Polyester</li><li>Futter: 100% Polyester</li></ul>;;;;;;Auf Lager;Verfügbar : Lieferdatum auf Anfrage;;;;;;;;;;;;;;;;;
44871;1;Büse Taslan Nierengurt Textil;206;36.11;1;20.2216;0;;;;;408 AT;;;;;;;;;;;;;;;;;;<ul><li>Textilgewebe 600 D</li><li>verstärktes Rückenteil mit Foam Polsterungen</li><li>individuelle Weitenregulierung durch Stretch und Klettverschluss</li><li>hautfreundliches Taslan</li></ul>;;;;;;Auf Lager;Verfügbar : Lieferdatum auf Anfrage;;;;;;;;;;;;;;;;;
;;;;;;;;;;;;;;;;;;;;;;;;;;;;;;;;;;;;;;;;;;;;;;;;;;;;;;
;;;;;;;;;;;;;;;;;;;;;;;;;;;;;;;;;;;;;;;;;;;;;;;;;;;;;;
;;;;;;;;;;;;;;;;;;;;;;;;;;;;;;;;;;;;;;;;;;;;;;;;;;;;;;
;;;;;;;;;;;;;;;;;;;;;;;;;;;;;;;;;;;;;;;;;;;;;;;;;;;;;;
;;;;;;;;;;;;;;;;;;;;;;;;;;;;;;;;;;;;;;;;;;;;;;;;;;;;;;
;;;;;;;;;;;;;;;;;;;;;;;;;;;;;;;;;;;;;;;;;;;;;;;;;;;;;;
;;;;;;;;;;;;;;;;;;;;;;;;;;;;;;;;;;;;;;;;;;;;;;;;;;;;;;
;;;;;;;;;;;;;;;;;;;;;;;;;;;;;;;;;;;;;;;;;;;;;;;;;;;;;;
;;;;;;;;;;;;;;;;;;;;;;;;;;;;;;;;;;;;;;;;;;;;;;;;;;;;;;
;;;;;;;;;;;;;;;;;;;;;;;;;;;;;;;;;;;;;;;;;;;;;;;;;;;;;;
;;;;;;;;;;;;;;;;;;;;;;;;;;;;;;;;;;;;;;;;;;;;;;;;;;;;;;
;;;;;;;;;;;;;;;;;;;;;;;;;;;;;;;;;;;;;;;;;;;;;;;;;;;;;;
;;;;;;;;;;;;;;;;;;;;;;;;;;;;;;;;;;;;;;;;;;;;;;;;;;;;;;
;;;;;;;;;;;;;;;;;;;;;;;;;;;;;;;;;;;;;;;;;;;;;;;;;;;;;;
;;;;;;;;;;;;;;;;;;;;;;;;;;;;;;;;;;;;;;;;;;;;;;;;;;;;;;
;;;;;;;;;;;;;;;;;;;;;;;;;;;;;;;;;;;;;;;;;;;;;;;;;;;;;;
;;;;;;;;;;;;;;;;;;;;;;;;;;;;;;;;;;;;;;;;;;;;;;;;;;;;;;
;;;;;;;;;;;;;;;;;;;;;;;;;;;;;;;;;;;;;;;;;;;;;;;;;;;;;;
;;;;;;;;;;;;;;;;;;;;;;;;;;;;;;;;;;;;;;;;;;;;;;;;;;;;;;
;;;;;;;;;;;;;;;;;;;;;;;;;;;;;;;;;;;;;;;;;;;;;;;;;;;;;;
;;;;;;;;;;;;;;;;;;;;;;;;;;;;;;;;;;;;;;;;;;;;;;;;;;;;;;
;;;;;;;;;;;;;;;;;;;;;;;;;;;;;;;;;;;;;;;;;;;;;;;;;;;;;;
;;;;;;;;;;;;;;;;;;;;;;;;;;;;;;;;;;;;;;;;;;;;;;;;;;;;;;
;;;;;;;;;;;;;;;;;;;;;;;;;;;;;;;;;;;;;;;;;;;;;;;;;;;;;;
;;;;;;;;;;;;;;;;;;;;;;;;;;;;;;;;;;;;;;;;;;;;;;;;;;;;;;
;;;;;;;;;;;;;;;;;;;;;;;;;;;;;;;;;;;;;;;;;;;;;;;;;;;;;;
;;;;;;;;;;;;;;;;;;;;;;;;;;;;;;;;;;;;;;;;;;;;;;;;;;;;;;
;;;;;;;;;;;;;;;;;;;;;;;;;;;;;;;;;;;;;;;;;;;;;;;;;;;;;;
;;;;;;;;;;;;;;;;;;;;;;;;;;;;;;;;;;;;;;;;;;;;;;;;;;;;;;
;;;;;;;;;;;;;;;;;;;;;;;;;;;;;;;;;;;;;;;;;;;;;;;;;;;;;;
;;;;;;;;;;;;;;;;;;;;;;;;;;;;;;;;;;;;;;;;;;;;;;;;;;;;;;
;;;;;;;;;;;;;;;;;;;;;;;;;;;;;;;;;;;;;;;;;;;;;;;;;;;;;;
;;;;;;;;;;;;;;;;;;;;;;;;;;;;;;;;;;;;;;;;;;;;;;;;;;;;;;
;;;;;;;;;;;;;;;;;;;;;;;;;;;;;;;;;;;;;;;;;;;;;;;;;;;;;;
;;;;;;;;;;;;;;;;;;;;;;;;;;;;;;;;;;;;;;;;;;;;;;;;;;;;;;
;;;;;;;;;;;;;;;;;;;;;;;;;;;;;;;;;;;;;;;;;;;;;;;;;;;;;;
;;;;;;;;;;;;;;;;;;;;;;;;;;;;;;;;;;;;;;;;;;;;;;;;;;;;;;
;;;;;;;;;;;;;;;;;;;;;;;;;;;;;;;;;;;;;;;;;;;;;;;;;;;;;;
;;;;;;;;;;;;;;;;;;;;;;;;;;;;;;;;;;;;;;;;;;;;;;;;;;;;;;
;;;;;;;;;;;;;;;;;;;;;;;;;;;;;;;;;;;;;;;;;;;;;;;;;;;;;;
;;;;;;;;;;;;;;;;;;;;;;;;;;;;;;;;;;;;;;;;;;;;;;;;;;;;;;
;;;;;;;;;;;;;;;;;;;;;;;;;;;;;;;;;;;;;;;;;;;;;;;;;;;;;;
;;;;;;;;;;;;;;;;;;;;;;;;;;;;;;;;;;;;;;;;;;;;;;;;;;;;;;
;;;;;;;;;;;;;;;;;;;;;;;;;;;;;;;;;;;;;;;;;;;;;;;;;;;;;;
;;;;;;;;;;;;;;;;;;;;;;;;;;;;;;;;;;;;;;;;;;;;;;;;;;;;;;
;;;;;;;;;;;;;;;;;;;;;;;;;;;;;;;;;;;;;;;;;;;;;;;;;;;;;;
;;;;;;;;;;;;;;;;;;;;;;;;;;;;;;;;;;;;;;;;;;;;;;;;;;;;;;
;;;;;;;;;;;;;;;;;;;;;;;;;;;;;;;;;;;;;;;;;;;;;;;;;;;;;;
;;;;;;;;;;;;;;;;;;;;;;;;;;;;;;;;;;;;;;;;;;;;;;;;;;;;;;
;;;;;;;;;;;;;;;;;;;;;;;;;;;;;;;;;;;;;;;;;;;;;;;;;;;;;;
;;;;;;;;;;;;;;;;;;;;;;;;;;;;;;;;;;;;;;;;;;;;;;;;;;;;;;
;;;;;;;;;;;;;;;;;;;;;;;;;;;;;;;;;;;;;;;;;;;;;;;;;;;;;;
;;;;;;;;;;;;;;;;;;;;;;;;;;;;;;;;;;;;;;;;;;;;;;;;;;;;;;
;;;;;;;;;;;;;;;;;;;;;;;;;;;;;;;;;;;;;;;;;;;;;;;;;;;;;;
;;;;;;;;;;;;;;;;;;;;;;;;;;;;;;;;;;;;;;;;;;;;;;;;;;;;;;
;;;;;;;;;;;;;;;;;;;;;;;;;;;;;;;;;;;;;;;;;;;;;;;;;;;;;;
;;;;;;;;;;;;;;;;;;;;;;;;;;;;;;;;;;;;;;;;;;;;;;;;;;;;;;
;;;;;;;;;;;;;;;;;;;;;;;;;;;;;;;;;;;;;;;;;;;;;;;;;;;;;;
;;;;;;;;;;;;;;;;;;;;;;;;;;;;;;;;;;;;;;;;;;;;;;;;;;;;;;
;;;;;;;;;;;;;;;;;;;;;;;;;;;;;;;;;;;;;;;;;;;;;;;;;;;;;;
;;;;;;;;;;;;;;;;;;;;;;;;;;;;;;;;;;;;;;;;;;;;;;;;;;;;;;
;;;;;;;;;;;;;;;;;;;;;;;;;;;;;;;;;;;;;;;;;;;;;;;;;;;;;;
;;;;;;;;;;;;;;;;;;;;;;;;;;;;;;;;;;;;;;;;;;;;;;;;;;;;;;
;;;;;;;;;;;;;;;;;;;;;;;;;;;;;;;;;;;;;;;;;;;;;;;;;;;;;;
;;;;;;;;;;;;;;;;;;;;;;;;;;;;;;;;;;;;;;;;;;;;;;;;;;;;;;
;;;;;;;;;;;;;;;;;;;;;;;;;;;;;;;;;;;;;;;;;;;;;;;;;;;;;;
;;;;;;;;;;;;;;;;;;;;;;;;;;;;;;;;;;;;;;;;;;;;;;;;;;;;;;
;;;;;;;;;;;;;;;;;;;;;;;;;;;;;;;;;;;;;;;;;;;;;;;;;;;;;;
;;;;;;;;;;;;;;;;;;;;;;;;;;;;;;;;;;;;;;;;;;;;;;;;;;;;;;
;;;;;;;;;;;;;;;;;;;;;;;;;;;;;;;;;;;;;;;;;;;;;;;;;;;;;;
;;;;;;;;;;;;;;;;;;;;;;;;;;;;;;;;;;;;;;;;;;;;;;;;;;;;;;
;;;;;;;;;;;;;;;;;;;;;;;;;;;;;;;;;;;;;;;;;;;;;;;;;;;;;;
;;;;;;;;;;;;;;;;;;;;;;;;;;;;;;;;;;;;;;;;;;;;;;;;;;;;;;
;;;;;;;;;;;;;;;;;;;;;;;;;;;;;;;;;;;;;;;;;;;;;;;;;;;;;;
;;;;;;;;;;;;;;;;;;;;;;;;;;;;;;;;;;;;;;;;;;;;;;;;;;;;;;
;;;;;;;;;;;;;;;;;;;;;;;;;;;;;;;;;;;;;;;;;;;;;;;;;;;;;;
;;;;;;;;;;;;;;;;;;;;;;;;;;;;;;;;;;;;;;;;;;;;;;;;;;;;;;
;;;;;;;;;;;;;;;;;;;;;;;;;;;;;;;;;;;;;;;;;;;;;;;;;;;;;;
;;;;;;;;;;;;;;;;;;;;;;;;;;;;;;;;;;;;;;;;;;;;;;;;;;;;;;
;;;;;;;;;;;;;;;;;;;;;;;;;;;;;;;;;;;;;;;;;;;;;;;;;;;;;;
;;;;;;;;;;;;;;;;;;;;;;;;;;;;;;;;;;;;;;;;;;;;;;;;;;;;;;
;;;;;;;;;;;;;;;;;;;;;;;;;;;;;;;;;;;;;;;;;;;;;;;;;;;;;;
;;;;;;;;;;;;;;;;;;;;;;;;;;;;;;;;;;;;;;;;;;;;;;;;;;;;;;
;;;;;;;;;;;;;;;;;;;;;;;;;;;;;;;;;;;;;;;;;;;;;;;;;;;;;;
;;;;;;;;;;;;;;;;;;;;;;;;;;;;;;;;;;;;;;;;;;;;;;;;;;;;;;
;;;;;;;;;;;;;;;;;;;;;;;;;;;;;;;;;;;;;;;;;;;;;;;;;;;;;;
;;;;;;;;;;;;;;;;;;;;;;;;;;;;;;;;;;;;;;;;;;;;;;;;;;;;;;
;;;;;;;;;;;;;;;;;;;;;;;;;;;;;;;;;;;;;;;;;;;;;;;;;;;;;;
;;;;;;;;;;;;;;;;;;;;;;;;;;;;;;;;;;;;;;;;;;;;;;;;;;;;;;
;;;;;;;;;;;;;;;;;;;;;;;;;;;;;;;;;;;;;;;;;;;;;;;;;;;;;;
;;;;;;;;;;;;;;;;;;;;;;;;;;;;;;;;;;;;;;;;;;;;;;;;;;;;;;
;;;;;;;;;;;;;;;;;;;;;;;;;;;;;;;;;;;;;;;;;;;;;;;;;;;;;;
;;;;;;;;;;;;;;;;;;;;;;;;;;;;;;;;;;;;;;;;;;;;;;;;;;;;;;
;;;;;;;;;;;;;;;;;;;;;;;;;;;;;;;;;;;;;;;;;;;;;;;;;;;;;;
;;;;;;;;;;;;;;;;;;;;;;;;;;;;;;;;;;;;;;;;;;;;;;;;;;;;;;
;;;;;;;;;;;;;;;;;;;;;;;;;;;;;;;;;;;;;;;;;;;;;;;;;;;;;;
;;;;;;;;;;;;;;;;;;;;;;;;;;;;;;;;;;;;;;;;;;;;;;;;;;;;;;
;;;;;;;;;;;;;;;;;;;;;;;;;;;;;;;;;;;;;;;;;;;;;;;;;;;;;;
;;;;;;;;;;;;;;;;;;;;;;;;;;;;;;;;;;;;;;;;;;;;;;;;;;;;;;
;;;;;;;;;;;;;;;;;;;;;;;;;;;;;;;;;;;;;;;;;;;;;;;;;;;;;;
;;;;;;;;;;;;;;;;;;;;;;;;;;;;;;;;;;;;;;;;;;;;;;;;;;;;;;
;;;;;;;;;;;;;;;;;;;;;;;;;;;;;;;;;;;;;;;;;;;;;;;;;;;;;;
;;;;;;;;;;;;;;;;;;;;;;;;;;;;;;;;;;;;;;;;;;;;;;;;;;;;;;
;;;;;;;;;;;;;;;;;;;;;;;;;;;;;;;;;;;;;;;;;;;;;;;;;;;;;;
;;;;;;;;;;;;;;;;;;;;;;;;;;;;;;;;;;;;;;;;;;;;;;;;;;;;;;
;;;;;;;;;;;;;;;;;;;;;;;;;;;;;;;;;;;;;;;;;;;;;;;;;;;;;;
;;;;;;;;;;;;;;;;;;;;;;;;;;;;;;;;;;;;;;;;;;;;;;;;;;;;;;
;;;;;;;;;;;;;;;;;;;;;;;;;;;;;;;;;;;;;;;;;;;;;;;;;;;;;;
;;;;;;;;;;;;;;;;;;;;;;;;;;;;;;;;;;;;;;;;;;;;;;;;;;;;;;
;;;;;;;;;;;;;;;;;;;;;;;;;;;;;;;;;;;;;;;;;;;;;;;;;;;;;;
;;;;;;;;;;;;;;;;;;;;;;;;;;;;;;;;;;;;;;;;;;;;;;;;;;;;;;
;;;;;;;;;;;;;;;;;;;;;;;;;;;;;;;;;;;;;;;;;;;;;;;;;;;;;;
;;;;;;;;;;;;;;;;;;;;;;;;;;;;;;;;;;;;;;;;;;;;;;;;;;;;;;
;;;;;;;;;;;;;;;;;;;;;;;;;;;;;;;;;;;;;;;;;;;;;;;;;;;;;;
;;;;;;;;;;;;;;;;;;;;;;;;;;;;;;;;;;;;;;;;;;;;;;;;;;;;;;
;;;;;;;;;;;;;;;;;;;;;;;;;;;;;;;;;;;;;;;;;;;;;;;;;;;;;;
;;;;;;;;;;;;;;;;;;;;;;;;;;;;;;;;;;;;;;;;;;;;;;;;;;;;;;
;;;;;;;;;;;;;;;;;;;;;;;;;;;;;;;;;;;;;;;;;;;;;;;;;;;;;;
;;;;;;;;;;;;;;;;;;;;;;;;;;;;;;;;;;;;;;;;;;;;;;;;;;;;;;
;;;;;;;;;;;;;;;;;;;;;;;;;;;;;;;;;;;;;;;;;;;;;;;;;;;;;;
;;;;;;;;;;;;;;;;;;;;;;;;;;;;;;;;;;;;;;;;;;;;;;;;;;;;;;
;;;;;;;;;;;;;;;;;;;;;;;;;;;;;;;;;;;;;;;;;;;;;;;;;;;;;;
;;;;;;;;;;;;;;;;;;;;;;;;;;;;;;;;;;;;;;;;;;;;;;;;;;;;;;
;;;;;;;;;;;;;;;;;;;;;;;;;;;;;;;;;;;;;;;;;;;;;;;;;;;;;;
;;;;;;;;;;;;;;;;;;;;;;;;;;;;;;;;;;;;;;;;;;;;;;;;;;;;;;
;;;;;;;;;;;;;;;;;;;;;;;;;;;;;;;;;;;;;;;;;;;;;;;;;;;;;;
;;;;;;;;;;;;;;;;;;;;;;;;;;;;;;;;;;;;;;;;;;;;;;;;;;;;;;
;;;;;;;;;;;;;;;;;;;;;;;;;;;;;;;;;;;;;;;;;;;;;;;;;;;;;;
;;;;;;;;;;;;;;;;;;;;;;;;;;;;;;;;;;;;;;;;;;;;;;;;;;;;;;
;;;;;;;;;;;;;;;;;;;;;;;;;;;;;;;;;;;;;;;;;;;;;;;;;;;;;;
;;;;;;;;;;;;;;;;;;;;;;;;;;;;;;;;;;;;;;;;;;;;;;;;;;;;;;
;;;;;;;;;;;;;;;;;;;;;;;;;;;;;;;;;;;;;;;;;;;;;;;;;;;;;;
;;;;;;;;;;;;;;;;;;;;;;;;;;;;;;;;;;;;;;;;;;;;;;;;;;;;;;
;;;;;;;;;;;;;;;;;;;;;;;;;;;;;;;;;;;;;;;;;;;;;;;;;;;;;;
;;;;;;;;;;;;;;;;;;;;;;;;;;;;;;;;;;;;;;;;;;;;;;;;;;;;;;
;;;;;;;;;;;;;;;;;;;;;;;;;;;;;;;;;;;;;;;;;;;;;;;;;;;;;;
;;;;;;;;;;;;;;;;;;;;;;;;;;;;;;;;;;;;;;;;;;;;;;;;;;;;;;
;;;;;;;;;;;;;;;;;;;;;;;;;;;;;;;;;;;;;;;;;;;;;;;;;;;;;;
;;;;;;;;;;;;;;;;;;;;;;;;;;;;;;;;;;;;;;;;;;;;;;;;;;;;;;
;;;;;;;;;;;;;;;;;;;;;;;;;;;;;;;;;;;;;;;;;;;;;;;;;;;;;;
;;;;;;;;;;;;;;;;;;;;;;;;;;;;;;;;;;;;;;;;;;;;;;;;;;;;;;
;;;;;;;;;;;;;;;;;;;;;;;;;;;;;;;;;;;;;;;;;;;;;;;;;;;;;;
;;;;;;;;;;;;;;;;;;;;;;;;;;;;;;;;;;;;;;;;;;;;;;;;;;;;;;
;;;;;;;;;;;;;;;;;;;;;;;;;;;;;;;;;;;;;;;;;;;;;;;;;;;;;;
;;;;;;;;;;;;;;;;;;;;;;;;;;;;;;;;;;;;;;;;;;;;;;;;;;;;;;
;;;;;;;;;;;;;;;;;;;;;;;;;;;;;;;;;;;;;;;;;;;;;;;;;;;;;;
;;;;;;;;;;;;;;;;;;;;;;;;;;;;;;;;;;;;;;;;;;;;;;;;;;;;;;
;;;;;;;;;;;;;;;;;;;;;;;;;;;;;;;;;;;;;;;;;;;;;;;;;;;;;;
;;;;;;;;;;;;;;;;;;;;;;;;;;;;;;;;;;;;;;;;;;;;;;;;;;;;;;
;;;;;;;;;;;;;;;;;;;;;;;;;;;;;;;;;;;;;;;;;;;;;;;;;;;;;;
;;;;;;;;;;;;;;;;;;;;;;;;;;;;;;;;;;;;;;;;;;;;;;;;;;;;;;
;;;;;;;;;;;;;;;;;;;;;;;;;;;;;;;;;;;;;;;;;;;;;;;;;;;;;;
;;;;;;;;;;;;;;;;;;;;;;;;;;;;;;;;;;;;;;;;;;;;;;;;;;;;;;
;;;;;;;;;;;;;;;;;;;;;;;;;;;;;;;;;;;;;;;;;;;;;;;;;;;;;;
;;;;;;;;;;;;;;;;;;;;;;;;;;;;;;;;;;;;;;;;;;;;;;;;;;;;;;
;;;;;;;;;;;;;;;;;;;;;;;;;;;;;;;;;;;;;;;;;;;;;;;;;;;;;;
;;;;;;;;;;;;;;;;;;;;;;;;;;;;;;;;;;;;;;;;;;;;;;;;;;;;;;
;;;;;;;;;;;;;;;;;;;;;;;;;;;;;;;;;;;;;;;;;;;;;;;;;;;;;;
;;;;;;;;;;;;;;;;;;;;;;;;;;;;;;;;;;;;;;;;;;;;;;;;;;;;;;
