Id du produit;Actif;Titre;ID de la catégorie par défaut;Prix vente HT;ID taxe;Prix d'achat HT;En Solde;Montant de réduction;Pourcentage de réduction;Date de début de réduction (aaaa-mm-jj);Date de fin de réduction (aaaa-mm-jj);Référence du produit;Référence du fournisseur par défaut;Nom du fournisseur par défaut;Fabricant;EAN13;UPC;écotaxe;Largeur;Hauteur;Profondeur;Quantité;Quantité minimale;Visibilité;Frais de port supplémentaires;Unité;Prix à l'unité HT;Description courte;Description;Tous les mots-clés;Meta titre;Meta mots-clefs;Meta description;URL simplifiée;Message quand en stock;Message lorsque hors-stock mais commandable;Disponible à l'achat;Date de mise à jour;Date de création;Afficher le prix ;URLs de toutes les images;Caractéristiques;Condition;Produit à télécharger;En cas de rupture de stock;ID Boutique par défaut;Gestion des stocks avancée
334;1;MGD Casque Shark SK By Shark Easy Mat;168;;;;1;;;;;MGD HE7800EBLK;;Motogoodeal;Shark;;;;;;;;;;;;;;;;;;;casque-shark-sk-by-shark-easy-mat;En Stock;Plus disponible ;;;;;;;;;;;
649;1;MGD Casque Shoei Glacier XR-1100;454;;;;1;;;;;MGD Z11021-335;;Motogoodeal;Shoei;;;;;;;;;;;;;;;;;;;casque-shoei-glacier-xr-1100;En Stock;Plus disponible ;;;;;;;;;;;
678;1;Casque Shoei X-Spirit II Motegi Marquez;454;;;;1;;;;;Z10008-234;;Motogoodeal;Shoei;;;;;;;;;;;;;;;;;;;casque-shoei-x-spirit-ii-motegi-marquez;En Stock;Plus disponible ;;;;;;;;;;;
1084;1;MGD Casque HX 215 CLOUD;447;;;;1;;;;;MGD X14057;;Motogoodeal;IXS;;;;;;;;;;;;;;;;;;;casque-hx-215-cloud;En Stock;Plus disponible ;;;;;;;;;;;
11690;1;MGD Veste Alpinestars STELLA FRANCIE - Noir;170;;;;1;;;;;MGD RPGASVL14102;RPGASVL14102;Motogoodeal;Alpinestars;;;;;;;;;;;;;;;;;;;veste-alpinestars-stella-francie-noir;En Stock;Plus disponible ;;;;;;;;;;;
83420;1;MGD Veste Alpinestars EDWARD DS OVERCOAT - Noir;170;;;;1;;;;;MGD RPGASVL16101;RPGASVL1610102;Motogoodeal;Alpinestars;;;;;;;;;;;;;;;;;;;alpinestars-jacke-edward-ds-overcoat-schwarz;En Stock;Plus disponible ;;;;;;;;;;;
83421;1;MGD Long Range DS;170;;;;1;;;;;MGD ;;Motogoodeal;Alpinestars;;;;;;;;;;;;;;;;;;;long-range-ds;En Stock;Plus disponible ;;;;;;;;;;;
83422;1;MGD Frontier GTX;170;;;;1;;;;;MGD 911 301;;Motogoodeal;Alpinestars;;;;;;;;;;;;;;;;;;;frontier-gtx;En Stock;Plus disponible ;;;;;;;;;;;
83423;1;MGD Veste Alpinestars CALAMA DS - Blanc/Gris/JauneFluo;170;;;;1;;;;;MGD RPGASVM142151;RPGASVM14215102;Motogoodeal;Alpinestars;;;;;;;;;;;;;;;;;;;alpinestars-jacke-calama-ds-weiss-grau-neongelb;En Stock;Plus disponible ;;;;;;;;;;;
83424;1;MGD Veste Alpinestars NEW LAND GTX - Noir;170;;;;1;;;;;MGD RPGASVM15101;RPGASVM1510102;Motogoodeal;Alpinestars;;;;;;;;;;;;;;;;;;;alpinestars-jacke-new-land-gtx-schwarz;En Stock;Plus disponible ;;;;;;;;;;;
83425;1;MGD Blouson Alpinestars GUNNER WP - Noir;170;;;;1;;;;;MGD RPGASBW15102;RPGASBW1510202;Motogoodeal;Alpinestars;;;;;;;;;;;;;;;;;;;blouson-alpinestars-gunner-wp-noir;En Stock;Plus disponible ;;;;;;;;;;;
83426;1;MGD Veste Alpinestars ANDES DS - Noir;170;;;;1;;;;;MGD RPGASVM13102;RPGASVM1310202;Motogoodeal;Alpinestars;;;;;;;;;;;;;;;;;;;alpinestars-jacke-andes-ds-schwarz;En Stock;Plus disponible ;;;;;;;;;;;
83427;1;MGD Veste Alpinestars DUSK 3L - BleuFonce;170;;;;1;;;;;MGD RPGASVL143911;RPGASVL14391102;Motogoodeal;Alpinestars;;;;;;;;;;;;;;;;;;;alpinestars-jacke-dusk-3l-dunkelblau;En Stock;Plus disponible ;;;;;;;;;;;
83428;1;MGD Veste Alpinestars DUSK 3L - Brun;170;;;;1;;;;;MGD 911 421;RPGASVL14391102;Motogoodeal;Alpinestars;;;;;;;;;;;;;;;;;;;alpinestars-jacke-dusk-3l-dunkelblau;En Stock;Plus disponible ;;;;;;;;;;;
83429;1;MGD Veste Alpinestars DUSK 3L - Noir;170;;;;1;;;;;MGD RPGASVL14103;RPGASVL1410302;Motogoodeal;Alpinestars;;;;;;;;;;;;;;;;;;;alpinestars-jacke-dusk-3l-schwarz;En Stock;Plus disponible ;;;;;;;;;;;
83430;1;MGD Veste Alpinestars LANCE 3L - Rouge;170;;;;1;;;;;MGD RPGASVL143411;RPGASVL14341102;Motogoodeal;Alpinestars;;;;;;;;;;;;;;;;;;;alpinestars-jacke-lance-3l-rot;En Stock;Plus disponible ;;;;;;;;;;;
83431;1;MGD Veste Alpinestars LANCE 3L - Noir;170;;;;1;;;;;MGD RPGASVL14101;RPGASVL1410102;Motogoodeal;Alpinestars;;;;;;;;;;;;;;;;;;;alpinestars-jacke-lance-3l-schwarz;En Stock;Plus disponible ;;;;;;;;;;;
83432;1;MGD Veste Alpinestars LANCE 3L - Bleu;170;;;;1;;;;;MGD RPGASVL147411;RPGASVL14741102;Motogoodeal;Alpinestars;;;;;;;;;;;;;;;;;;;alpinestars-jacke-lance-3l-blau;En Stock;Plus disponible ;;;;;;;;;;;
83433;1;MGD Veste Alpinestars TYLER DOWN - Noir/Anthracite;170;;;;1;;;;;MGD RPGASVL141041;RPGASVL14104102;Motogoodeal;Alpinestars;;;;;;;;;;;;;;;;;;;alpinestars-jacke-tyler-down-schwarz-anthrazit;En Stock;Plus disponible ;;;;;;;;;;;
83434;1;MGD Veste Alpinestars VERONA AIR;170;;;;1;;;;;MGD 911-334;;Motogoodeal;Alpinestars;;;;;;;;;;;;;;;;;;;veste-alpinestars-verona-air;En Stock;Plus disponible ;;;;;;;;;;;
83435;1;MGD Veste Ixon BROOKLYN HP - Noir;169;;;;1;;;;;MGD RPGIXVM121011;;Motogoodeal;Ixon;;;;;;;;;;;;;;;;;;;ixon-jacke-brooklyn-hp-schwarz;En Stock;Plus disponible ;;;;;;;;;;;
83436;1;MGD Blouson Ixon PITRACE - Noir/Blanc;169;;;;1;;;;;MGD RPGIXBA141151;RPGIXBA14115101;Motogoodeal;Ixon;;;;;;;;;;;;;;;;;;;ixon-jacke-pitrace-schwarz-weiss;En Stock;Plus disponible ;;;;;;;;;;;
83437;1;MGD Blouson Ixon PITRACE - Noir/Blanc/Rouge;169;;;;1;;;;;MGD RPGIXBA141251;RPGIXBA14125101;Motogoodeal;Ixon;;;;;;;;;;;;;;;;;;;ixon-jacke-pitrace-schwarz-weiss-rot;En Stock;Plus disponible ;;;;;;;;;;;
83438;1;MGD Blouson Ixon PITRACE - Noir/Blanc/Jaune;169;;;;1;;;;;MGD RPGIXBA141082;RPGIXBA14108201;Motogoodeal;Ixon;;;;;;;;;;;;;;;;;;;ixon-jacke-pitrace-schwarz-weiss-gelb;En Stock;Plus disponible ;;;;;;;;;;;
83439;1;MGD Blouson Alpinestars T-GP PLUS R AIR - Noir/Blanc;170;;;;1;;;;;MGD RPGASBA14121;RPGASBA1412302;Motogoodeal;Alpinestars;;;;;;;;;;;;;;;;;;;alpinestars-jacke-t-gp-plus-r-air-schwarz-weiss;En Stock;Plus disponible ;;;;;;;;;;;
83440;1;MGD Blouson Alpinestars T-GP PLUS R AIR - Noir/Blanc/Rouge;170;;;;1;;;;;MGD RPGASBA141232;RPGASBA14123202;Motogoodeal;Alpinestars;;;;;;;;;;;;;;;;;;;alpinestars-jacke-t-gp-plus-r-air-schwarz-weiss-rot;En Stock;Plus disponible ;;;;;;;;;;;
83441;1;MGD Blouson Alpinestars T-JAWS WP - Noir/Rouge/Blanc;170;;;;1;;;;;MGD RPGASBW141321;RPGASBW14132102;Motogoodeal;Alpinestars;;;;;;;;;;;;;;;;;;;alpinestars-jacke-t-jaws-wp-schwarz-rot-weiss;En Stock;Plus disponible ;;;;;;;;;;;
83442;1;MGD Blouson Alpinestars T-JAWS WP - Noir/Blanc;170;;;;1;;;;;MGD RPGASBW14121;RPGASBW1412102;Motogoodeal;Alpinestars;;;;;;;;;;;;;;;;;;;alpinestars-jacke-t-jaws-wp-schwarz-weiss;En Stock;Plus disponible ;;;;;;;;;;;
83443;1;MGD Blouson Alpinestars PIKES DS - Noir/Blanc;170;;;;1;;;;;MGD RPGASBM16121;RPGASBM1612102;Motogoodeal;Alpinestars;;;;;;;;;;;;;;;;;;;alpinestars-jacke-pikes-ds-schwarz-weiss;En Stock;Plus disponible ;;;;;;;;;;;
83444;1;MGD Blouson Alpinestars SCION 2L - Noir/Rouge;170;;;;1;;;;;MGD RPGASBL141431;RPGASBL14143102;Motogoodeal;Alpinestars;;;;;;;;;;;;;;;;;;;alpinestars-jacke-scion-2l-schwarz-rot;En Stock;Plus disponible ;;;;;;;;;;;
83445;1;MGD Blouson Alpinestars SCION 2L - Orange;170;;;;1;;;;;MGD RPGASBL144911;RPGASBL14491102;Motogoodeal;Alpinestars;;;;;;;;;;;;;;;;;;;alpinestars-jacke-scion-2l-orange;En Stock;Plus disponible ;;;;;;;;;;;
83446;1;MGD Blouson Alpinestars SCION 2L - Vert;170;;;;1;;;;;MGD RPGASBL146911;RPGASBL14691102;Motogoodeal;Alpinestars;;;;;;;;;;;;;;;;;;;alpinestars-jacke-scion-2l-grun;En Stock;Plus disponible ;;;;;;;;;;;
83447;1;MGD Blouson Alpinestars SCION 2L - Gris;170;;;;1;;;;;MGD RPGASBL149911;RPGASBL14991102;Motogoodeal;Alpinestars;;;;;;;;;;;;;;;;;;;alpinestars-jacke-scion-2l-grau;En Stock;Plus disponible ;;;;;;;;;;;
83448;1;MGD Blouson Alpinestars SCION 2L - Melangegrey;170;;;;1;;;;;MGD RPGASBL15102;RPGASBL1510202;Motogoodeal;Alpinestars;;;;;;;;;;;;;;;;;;;alpinestars-jacke-scion-2l-graumelange;En Stock;Plus disponible ;;;;;;;;;;;
83449;1;MGD Veste Alpinestars MISSION CONTROL - Noir;170;;;;1;;;;;MGD RPGASSC15101;RPGASSC1510102;Motogoodeal;Alpinestars;;;;;;;;;;;;;;;;;;;alpinestars-jacke-mission-control-schwarz;En Stock;Plus disponible ;;;;;;;;;;;
83450;1;MGD Blouson Alpinestars GP PRO - Noir;170;;;;1;;;;;MGD RPGASBC14101;RPGASBC1410102;Motogoodeal;Alpinestars;;;;;;;;;;;;;;;;;;;alpinestars-jacke-gp-pro-schwarz;En Stock;Plus disponible ;;;;;;;;;;;
83453;1;MGD Blouson Alpinestars PHANTOM - Noir;170;;;;1;;;;;MGD RPGASBC14103;RPGASBC1410300;Motogoodeal;Alpinestars;;;;;;;;;;;;;;;;;;;alpinestars-jacke-phantom-schwarz;En Stock;Plus disponible ;;;;;;;;;;;
83454;1;MGD Veste en cuir Alpinestars Phantom (pyrite);170;;;;1;;;;;MGD RPGASBC14961;;Motogoodeal;Alpinestars;;;;;;;;;;;;;;;;;;;veste-en-cuir-alpinestars-phantom-pyrite;En Stock;Plus disponible ;;;;;;;;;;;
83456;1;MGD Blouson Alpinestars HADES - Brun;170;;;;1;;;;;MGD RPGASBC14962;RPGASBC1496200;Motogoodeal;Alpinestars;;;;;;;;;;;;;;;;;;;alpinestars-jacke-hades-braun;En Stock;Plus disponible ;;;;;;;;;;;
83458;1;MGD Blouson Alpinestars HADES - Noir;170;;;;1;;;;;MGD RPGASBC14104;RPGASBC1410400;Motogoodeal;Alpinestars;;;;;;;;;;;;;;;;;;;alpinestars-jacke-hades-schwarz;En Stock;Plus disponible ;;;;;;;;;;;
83459;1;MGD Blouson Alpinestars HUNTSMAN - Noir;170;;;;1;;;;;MGD RPGASBC14105;RPGASBC1410500;Motogoodeal;Alpinestars;;;;;;;;;;;;;;;;;;;alpinestars-jacke-huntsman-schwarz;En Stock;Plus disponible ;;;;;;;;;;;
83460;1;MGD Blouson Alpinestars AVANT PERFORATED - Noir;170;;;;1;;;;;MGD RPGASBC13101;RPGASBC1310102;Motogoodeal;Alpinestars;;;;;;;;;;;;;;;;;;;alpinestars-jacke-avant-perforated-schwarz;En Stock;Plus disponible ;;;;;;;;;;;
83461;1;MGD Pantalon Alpinestars OXYGEN AIR OVERPANTS - Noir;170;;;;1;;;;;MGD RPGASPA12101;RPGASPA1210102;Motogoodeal;Alpinestars;;;;;;;;;;;;;;;;;;;alpinestars-hose-oxygen-air-overpants-schwarz;En Stock;Plus disponible ;;;;;;;;;;;
83462;1;MGD Pantalon Alpinestars ANDES DS - Noir;170;;;;1;;;;;MGD RPGASPM13102;RPGASPM1310202;Motogoodeal;Alpinestars;;;;;;;;;;;;;;;;;;;alpinestars-hose-andes-ds-schwarz;En Stock;Plus disponible ;;;;;;;;;;;
83463;1;MGD Pantalon Alpinestars EXPRESS DS OVERPANTS - Noir;170;;;;1;;;;;MGD RPGASPM12102;RPGASPM1210202;Motogoodeal;Alpinestars;;;;;;;;;;;;;;;;;;;alpinestars-hose-express-ds-overpants-schwarz;En Stock;Plus disponible ;;;;;;;;;;;
83464;1;MGD Pantalon Alpinestars CHARLIE DENIM - Bleufonce;170;;;;1;;;;;MGD RPGASPL157111;RPGASPL15711100;Motogoodeal;Alpinestars;;;;;;;;;;;;;;;;;;;alpinestars-hose-charlie-denim-dunkelblau;En Stock;Plus disponible ;;;;;;;;;;;
83465;1;MGD Pantalon Alpinestars MISSILE - Noir/Blanc;170;;;;1;;;;;MGD RPGASPC14121;RPGASPC1412100;Motogoodeal;Alpinestars;;;;;;;;;;;;;;;;;;;alpinestars-hose-missile-schwarz-weiss;En Stock;Plus disponible ;;;;;;;;;;;
83466;1;MGD Pantalon Alpinestars TRACK;170;;;;1;;;;;MGD;;Motogoodeal;Alpinestars;;;;;;;;;;;;;;;;;;;pantalon-alpinestars-track;En Stock;Plus disponible ;;;;;;;;;;;
83467;1;MGD Combinaison Alpinestars ATEM - Noir/Blanc;170;;;;1;;;;;MGD RPGASLS15123;RPGASLS1512302;Motogoodeal;Alpinestars;;;;;;;;;;;;;;;;;;;alpinestars-kombi-atem-schwarz-weiss;En Stock;Plus disponible ;;;;;;;;;;;
83468;1;MGD Combinaison Alpinestars ATEM - Noir/Blanc/Rouge;170;;;;1;;;;;MGD RPGASLS151233;RPGASLS15123302;Motogoodeal;Alpinestars;;;;;;;;;;;;;;;;;;;alpinestars-kombi-atem-schwarz-weiss-rot;En Stock;Plus disponible ;;;;;;;;;;;
83469;0;MGD Combinaison Alpinestars Haunter;170;;;;1;;;;;MGD 911 130;911108;Motogoodeal;Alpinestars;;;;;;;;;;;;;;;;;;;combinaison-alpinestars-haunter;En Stock;Plus disponible ;;;;;;;;;;;
83470;1;MGD Combinaison Alpinestars GP PRO (2 PIÈCES) noir/blanc/rouge;170;;;;1;;;;;MGD2015;911108;Motogoodeal;Alpinestars;;;;;;;;;;;;;;;;;;;combinaison-alpinestars-gp-pro-2-pieces;En Stock;Plus disponible ;;;;;;;;;;;
83472;1;MGD Chaussures Alpinestars SMX PLUS WP;170;;;;1;;;;;MGD 911059;;Motogoodeal;Alpinestars;;;;;;;;;;;;;;;;;;;chaussures-smx-plus;En Stock;Plus disponible ;;;;;;;;;;;
83476;1;MGD Chaussures Alpinestars JOEY WP - Noir;170;;;;1;;;;;MGD RPGASCR13101;RPGASCR1310138;Motogoodeal;Alpinestars;;;;;;;;;;;;;;;;;;;alpinestars-schuhe-joey-wp-schwarz;En Stock;Plus disponible ;;;;;;;;;;;
83477;1;MGD Chaussures Alpinestars JOEY Perf.Suede Vented;170;;;;1;;;;;MGD 911-089;911074;Motogoodeal;Alpinestars;;;;;;;;;;;;;;;;;;;chaussures-alpinestars-joey-perfsuede-vented;En Stock;Plus disponible ;;;;;;;;;;;
83478;1;MGD Chaussures Alpinestars FASTBACK WP - Noir/Blanc;170;;;;1;;;;;MGD RPGASCR14122;RPGASCR1412238;Motogoodeal;Alpinestars;;;;;;;;;;;;;;;;;;;alpinestars-schuhe-fastback-wp-schwarz-weiss;En Stock;Plus disponible ;;;;;;;;;;;
83479;1;MGD Chaussures Alpinestars AIR PLUS GTX XCR - Noir;170;;;;1;;;;;MGD RPGASBT12101;RPGASBT1210137;Motogoodeal;Alpinestars;;;;;;;;;;;;;;;;;;;alpinestars-schuhe-air-plus-gtx-xcr-schwarz;En Stock;Plus disponible ;;;;;;;;;;;
83480;1;MGD Chaussures Alpinestars FASTLANE;170;;;;1;;;;;MGD 911-076;;Motogoodeal;Alpinestars;;;;;;;;;;;;;;;;;;;chaussures-alpinestars-fastlane;En Stock;Plus disponible ;;;;;;;;;;;
83482;1;MGD Chaussures Alpinestars FASTER WP - Noir/Gris;170;;;;1;;;;;MGD RPGASCR151101;;Motogoodeal;Alpinestars;;;;;;;;;;;;;;;;;;;chaussures-alpinestars-faster-wp-noir-gris;En Stock;Plus disponible ;;;;;;;;;;;
83484;1;MGD Chaussures Alpinestars FASTER - Noir;170;;;;1;;;;;MGD RPGASCR14101;RPGASCR1410138;Motogoodeal;Alpinestars;;;;;;;;;;;;;;;;;;;alpinestars-schuhe-faster-schwarz;En Stock;Plus disponible ;;;;;;;;;;;
83485;1;MGD Chaussures Alpinestars FASTER - Noir(Ventile);170;;;;1;;;;;MGD RPGASCR14102;RPGASCR1410238;Motogoodeal;Alpinestars;;;;;;;;;;;;;;;;;;;alpinestars-schuhe-faster-schwarz;En Stock;Plus disponible ;;;;;;;;;;;
83486;1;MGD Chaussures Alpinestars FASTER - Noir/Blanc/Rouge;170;;;;1;;;;;MGD RPGASCR141231;RPGASCR14123139;Motogoodeal;Alpinestars;;;;;;;;;;;;;;;;;;;alpinestars-schuhe-faster-schwarz-weiss-rot;En Stock;Plus disponible ;;;;;;;;;;;
83488;1;MGD Chaussures Alpinestars FASTER WP - Noir/Jaunefluo;170;;;;1;;;;;MGD RPGASCR151551;RPGASCR15155138;Motogoodeal;Alpinestars;;;;;;;;;;;;;;;;;;;alpinestars-schuhe-faster-wp-schwarz-grau-neongelb;En Stock;Plus disponible ;;;;;;;;;;;
83489;1;MGD Blouson Ixon DUAL - Noir/Blanc/Rouge;169;;;;1;;;;;MGD RPGIXBM161271;RPGIXBM16127102;Motogoodeal;Ixon;;;;;;;;;;;;;;;;;;;ixon-jacke-dual-schwarz-weiss-rot;En Stock;Plus disponible ;;;;;;;;;;;
83490;1;MGD Blouson Ixon COOLER - Noir;169;;;;1;;;;;MGD RPGIXBA151011;RPGIXBA15101101;Motogoodeal;Ixon;;;;;;;;;;;;;;;;;;;ixon-jacke-cooler-schwarz;En Stock;Plus disponible ;;;;;;;;;;;
83491;1;MGD GOPRO Hero4 Silver;447;;;;1;;;;;MGD 413-047-4020;;Motogoodeal;GoPro;;;;;;;;;;;;;;;;;;;gopro-hero4-silver;En Stock;Plus disponible ;;;;;;;;;;;
83492;1;MGD Chaussures Alpinestars ANAHEIM - Noir;170;;;;1;;;;;MGD RPGASCR14104;RPGASCR1410438;Motogoodeal;Alpinestars;;;;;;;;;;;;;;;;;;;alpinestars-schuhe-anaheim-schwarz;En Stock;Plus disponible ;;;;;;;;;;;
83493;1;MGD Chaussures Alpinestars ANAHEIM - Noirintegral;170;;;;1;;;;;MGD RPGASCR141001;RPGASCR14100138;Motogoodeal;Alpinestars;;;;;;;;;;;;;;;;;;;alpinestars-schuhe-anaheim-integralschwarz;En Stock;Plus disponible ;;;;;;;;;;;
83494;1;MGD Chaussures Alpinestars J-6 WP - Brun;170;;;;1;;;;;MGD RPGASCR15801;RPGASCR1580138;Motogoodeal;Alpinestars;;;;;;;;;;;;;;;;;;;alpinestars-schuhe-j-6-wp-braun;En Stock;Plus disponible ;;;;;;;;;;;
83495;1;MGD Chaussures Alpinestars J-6 WP - Noir;170;;;;1;;;;;MGD RPGASCR15101;RPGASCR1510138;Motogoodeal;Alpinestars;;;;;;;;;;;;;;;;;;;alpinestars-schuhe-j-6-wp-schwarz;En Stock;Plus disponible ;;;;;;;;;;;
83496;1;MGD Alpinestars RIDGE WP - Noir;170;;;;1;;;;;MGD RPGASBT15103;RPGASBT1510337;Motogoodeal;Alpinestars;;;;;;;;;;;;;;;;;;;alpinestars-schuhe-ridge-wp-schwarz;En Stock;Plus disponible ;;;;;;;;;;;
83498;1;MGD Chaussures Alpinestars MONOFUSE GTX - Noir;170;;;;1;;;;;MGD RPGASBT15102;RPGASBT1510237;Motogoodeal;Alpinestars;;;;;;;;;;;;;;;;;;;alpinestars-schuhe-monofuse-gtx-schwarz;En Stock;Plus disponible ;;;;;;;;;;;
83499;1;MGD Chaussures Alpinestars SUPERTECH R - Noir;170;;;;1;;;;;MGD RPGASBR15103;RPGASBR1510339;Motogoodeal;Alpinestars;;;;;;;;;;;;;;;;;;;alpinestars-schuhe-supertech-r-schwarz;En Stock;Plus disponible ;;;;;;;;;;;
83500;1;MGD Chaussures Alpinestars SUPERTECH R - Noir/Rouge/Blanc;170;;;;1;;;;;MGD RPGASBR151321;RPGASBR15132139;Motogoodeal;Alpinestars;;;;;;;;;;;;;;;;;;;alpinestars-schuhe-supertech-r-schwarz-rot-weiss;En Stock;Plus disponible ;;;;;;;;;;;
83501;1;MGD Chaussures Alpinestars MONTY - Brun;170;;;;1;;;;;MGD RPGASCR15802;RPGASCR1580238;Motogoodeal;Alpinestars;;;;;;;;;;;;;;;;;;;alpinestars-schuhe-monty-braun;En Stock;Plus disponible ;;;;;;;;;;;
83502;1;MGD Chaussures Alpinestars RAYBURN WP - Brun;170;;;;1;;;;;MGD RPGASCR16801;RPGASCR1680138;Motogoodeal;Alpinestars;;;;;;;;;;;;;;;;;;;alpinestars-schuhe-rayburn-wp-braun;En Stock;Plus disponible ;;;;;;;;;;;
83503;1;MGD Alpinestars GPX - Noir-Integral;170;;;;1;;;;;MGD RPGASGL13101;;Motogoodeal;Alpinestars;;;;;;;;;;;;;;;;;;;alpinestars-handschuhe-gpx-integralschwarz;En Stock;Plus disponible ;;;;;;;;;;;
83504;1;MGD Gants Alpinestars GPX - Noir/Blanc;170;;;;1;;;;;MGD RPGASGL13121;RPGASGL1312102;Motogoodeal;Alpinestars;;;;;;;;;;;;;;;;;;;alpinestars-handschuhe-gpx-schwarz-weiss;En Stock;Plus disponible ;;;;;;;;;;;
83506;1;MGD Gants Alpinestars GP PLUS - Noir;170;;;;1;;;;;MGD RPGASGR13102;RPGASGR1310202;Motogoodeal;Alpinestars;;;;;;;;;;;;;;;;;;;alpinestars-handschuhe-gp-plus-schwarz;En Stock;Plus disponible ;;;;;;;;;;;
83507;1;MGD Gants Alpinestars GP PLUS - Noir/Blanc;170;;;;1;;;;;MGD RPGASGR13122;RPGASGR1312202;Motogoodeal;Alpinestars;;;;;;;;;;;;;;;;;;;alpinestars-handschuhe-gp-plus-schwarz-weiss;En Stock;Plus disponible ;;;;;;;;;;;
83508;1;MGD Gants Alpinestars GP PLUS - Blanc/Noir/Rouge;170;;;;1;;;;;MGD RPGASGR132131;RPGASGR13213102;Motogoodeal;Alpinestars;;;;;;;;;;;;;;;;;;;alpinestars-handschuhe-gp-plus-weiss-schwarz-rot;En Stock;Plus disponible ;;;;;;;;;;;
83509;1;MGD Gants Alpinestars SP-8 - Noir;170;;;;1;;;;;MGD RPGASGR13103;RPGASGR1310302;Motogoodeal;Alpinestars;;;;;;;;;;;;;;;;;;;alpinestars-handschuhe-sp-8-schwarz;En Stock;Plus disponible ;;;;;;;;;;;
83510;1;MGD Gants Alpinestars SP-8 - Blanc/Rouge/Noir;170;;;;1;;;;;MGD RPGASGR132313;RPGASGR13231302;Motogoodeal;Alpinestars;;;;;;;;;;;;;;;;;;;alpinestars-handschuhe-sp-8-weiss-rot-schwarz;En Stock;Plus disponible ;;;;;;;;;;;
83511;1;MGD Gants Alpinestars SP-8 - Noir/Blanc;170;;;;1;;;;;MGD RPGASGR13123;RPGASGR1312302;Motogoodeal;Alpinestars;;;;;;;;;;;;;;;;;;;alpinestars-handschuhe-sp-8-schwarz-weiss;En Stock;Plus disponible ;;;;;;;;;;;
83512;1;MGD Gants Alpinestars SMX-2 AIR CARBON - Noir;170;;;;1;;;;;MGD RPGASGA14101;;Motogoodeal;Alpinestars;;;;;;;;;;;;;;;;;;;gants-alpinestars-smx-2-air-carbon-noir;En Stock;Plus disponible ;;;;;;;;;;;
83513;1;MGD Gants Alpinestars SMX-2 AIR CARBON - Noir/Rouge;170;;;;1;;;;;MGD RPGASGA14311;RPGASGA1431102;Motogoodeal;Alpinestars;;;;;;;;;;;;;;;;;;;alpinestars-handschuhe-smx-2-air-carbon-schwarz-rot;En Stock;Plus disponible ;;;;;;;;;;;
83514;1;MGD Gants Alpinestars M-10 Air;170;;;;1;;;;;MGD 911-759;911724;Motogoodeal;Alpinestars;;;;;;;;;;;;;;;;;;;gants-smx-2-air-carbon;En Stock;Plus disponible ;;;;;;;;;;;
83515;1;MGD Gants Alpinestars M30 AIR - Noir/Vert;170;;;;1;;;;;MGD RPGASGA14162;RPGASGA1416202;Motogoodeal;Alpinestars;;;;;;;;;;;;;;;;;;;alpinestars-handschuhe-m30-air-schwarz-grun;En Stock;Plus disponible ;;;;;;;;;;;
83516;1;MGD Gants Alpinestars HAKU SOFTSHELL - Noir/Rouge;170;;;;1;;;;;MGD RPGASGL141071;RPGASGL14107104;Motogoodeal;Alpinestars;;;;;;;;;;;;;;;;;;;alpinestars-handschuhe-haku-softshell-schwarz-rot;En Stock;Plus disponible ;;;;;;;;;;;
83517;1;MGD Gants Alpinestars HAKU SOFTSHELL - Bleu/Jaune;170;;;;1;;;;;MGD RPGASGL147451;RPGASGL14745102;Motogoodeal;Alpinestars;;;;;;;;;;;;;;;;;;;alpinestars-handschuhe-haku-softshell-blau-gelb;En Stock;Plus disponible ;;;;;;;;;;;
83518;1;MGD Gants Alpinestars MUSTANG X-TRAFIT - Noir;170;;;;1;;;;;MGD RPGASGL15103;RPGASGL1510302;Motogoodeal;Alpinestars;;;;;;;;;;;;;;;;;;;alpinestars-handschuhe-mustang-x-trafit-schwarz;En Stock;Plus disponible ;;;;;;;;;;;
83519;1;MGD Gants Alpinestars MUSTANG - Noir;170;;;;1;;;;;MGD RPGASGL101001;RPGASGL10100102;Motogoodeal;Alpinestars;;;;;;;;;;;;;;;;;;;alpinestars-handschuhe-mustang-schwarz;En Stock;Plus disponible ;;;;;;;;;;;
83520;1;MGD Gants Alpinestars HOXTON - Noir;170;;;;1;;;;;MGD RPGASGL14102;RPGASGL1410202;Motogoodeal;Alpinestars;;;;;;;;;;;;;;;;;;;alpinestars-handschuhe-hoxton-schwarz;En Stock;Plus disponible ;;;;;;;;;;;
83521;1;MGD Gants Alpinestars ATLAS - Noir;170;;;;1;;;;;MGD RPGASGO09101;;Motogoodeal;Alpinestars;;;;;;;;;;;;;;;;;;;gants-alpinestars-atlas-noir;En Stock;Plus disponible ;;;;;;;;;;;
83522;1;MGD Gants Alpinestars GP PRO - Noir;170;;;;1;;;;;MGD RPGASGR13101;RPGASGR1310102;Motogoodeal;Alpinestars;;;;;;;;;;;;;;;;;;;alpinestars-handschuhe-gp-pro-schwarz;En Stock;Plus disponible ;;;;;;;;;;;
83523;1;MGD Gants Alpinestars GP PRO - Noir/Blanc;170;;;;1;;;;;MGD RPGASGR13121;RPGASGR1312102;Motogoodeal;Alpinestars;;;;;;;;;;;;;;;;;;;alpinestars-handschuhe-gp-pro-schwarz-weiss;En Stock;Plus disponible ;;;;;;;;;;;
83524;1;MGD Gants Alpinestars GP PRO - Noir/Blanc/Rouge;170;;;;1;;;;;MGD RPGASGR131231;RPGASGR13123102;Motogoodeal;Alpinestars;;;;;;;;;;;;;;;;;;;alpinestars-handschuhe-gp-pro-schwarz-weiss-rot;En Stock;Plus disponible ;;;;;;;;;;;
83525;1;MGD Gants Alpinestars GP PRO - Noir/Blanc/Jaune;170;;;;1;;;;;MGD RPGASGR131251;RPGASGR13125102;Motogoodeal;Alpinestars;;;;;;;;;;;;;;;;;;;alpinestars-handschuhe-gp-pro-schwarz-weiss-gelb;En Stock;Plus disponible ;;;;;;;;;;;
83526;1;MGD Gants Alpinestars 365 GTX X-TRAFIT - Noir;170;;;;1;;;;;MGD RPGASGT14101;RPGASGT1410102;Motogoodeal;Alpinestars;;;;;;;;;;;;;;;;;;;alpinestars-handschuhe-365-gtx-x-trafit-schwarz;En Stock;Plus disponible ;;;;;;;;;;;
83528;1;MGD Gants Alpinestars TRANSIT XTRAFIT - Noir;170;;;;1;;;;;MGD RPGASGT14103;RPGASGT1410302;Motogoodeal;Alpinestars;;;;;;;;;;;;;;;;;;;alpinestars-handschuhe-transit-xtrafit-schwarz;En Stock;Plus disponible ;;;;;;;;;;;
83529;1;MGD Gants Alpinestars M56 DS - Noir;170;;;;1;;;;;MGD RPGASGT16101;RPGASGT1610102;Motogoodeal;Alpinestars;;;;;;;;;;;;;;;;;;;alpinestars-handschuhe-m56-ds-schwarz;En Stock;Plus disponible ;;;;;;;;;;;
83530;1;MGD Gants Alpinestars WR-V GTX - Noir;170;;;;1;;;;;MGD RPGASGT10101;RPGASGT1010102;Motogoodeal;Alpinestars;;;;;;;;;;;;;;;;;;;alpinestars-handschuhe-wr-v-gtx-schwarz;En Stock;Plus disponible ;;;;;;;;;;;
83531;1;MGD Gants Alpinestars WR-3 GTX - Noir;170;;;;1;;;;;MGD RPGASGT13107;RPGASGT1310702;Motogoodeal;Alpinestars;;;;;;;;;;;;;;;;;;;alpinestars-handschuhe-wr-3-gtx-schwarz;En Stock;Plus disponible ;;;;;;;;;;;
83532;1;MGD Gants Alpinestars OSLO DS - Noir;170;;;;1;;;;;MGD RPGASGT14107;RPGASGT1410702;Motogoodeal;Alpinestars;;;;;;;;;;;;;;;;;;;alpinestars-handschuhe-oslo-ds-schwarz;En Stock;Plus disponible ;;;;;;;;;;;
83533;1;MGD Gants Alpinestars JET ROAD GTX - Noir;170;;;;1;;;;;MGD RPGASGT13102;RPGASGT1310202;Motogoodeal;Alpinestars;;;;;;;;;;;;;;;;;;;alpinestars-handschuhe-jet-road-gtx-schwarz;En Stock;Plus disponible ;;;;;;;;;;;
83534;1;MGD Gants Alpinestars C-10 DS - Noir;170;;;;1;;;;;MGD RPGASGL16104;RPGASGL1610402;Motogoodeal;Alpinestars;;;;;;;;;;;;;;;;;;;alpinestars-handschuhe-c-10-ds-schwarz;En Stock;Plus disponible ;;;;;;;;;;;
83535;1;MGD Gants Alpinestars C-1 WINDSTOPPER - Noir;170;;;;1;;;;;MGD RPGASGL16105;RPGASGL1610502;Motogoodeal;Alpinestars;;;;;;;;;;;;;;;;;;;alpinestars-handschuhe-c-1-windstopper-schwarz;En Stock;Plus disponible ;;;;;;;;;;;
83536;1;MGD Veste Alpinestars ISABEL DS WOMEN'S TRENCH - Noir;170;;;;1;;;;;MGD RPGASVL16102;RPGASVL1610201;Motogoodeal;Alpinestars;;;;;;;;;;;;;;;;;;;alpinestars-jacke-isabel-ds-women-s-trench-schwarz;En Stock;Plus disponible ;;;;;;;;;;;
83538;0;MGD Stella P1 Sport Touring DS Femme;170;;;;1;;;;;;;Motogoodeal;Alpinestars;;;;;;;;;;;;;;;;;;;stella-p1-sport-touring-ds-femme;En Stock;Plus disponible ;;;;;;;;;;;
83540;1;MGD Blouson Alpinestars STELLA GP-PLUS R - Noir/Blanc;170;;;;1;;;;;MGD RPGASBC14121;;Motogoodeal;Alpinestars;;;;;;;;;;;;;;;;;;;mgd-alpinestars-jacke-stella-gp-plus-r-schwarz-weiss;En Stock;Plus disponible ;;;;;;;;;;;
83541;1;MGD Blouson Alpinestars STELLA GUNNER WP - Noir/Blanc;170;;;;1;;;;;MGD RPGASBW15121;;Motogoodeal;Alpinestars;;;;;;;;;;;;;;;;;;;mgd-alpinestars-jacke-stella-gunner-wp-schwarz-weiss;En Stock;Plus disponible ;;;;;;;;;;;
83542;1;MGD Blouson Alpinestars STELLA GUNNER WP - Noir/Fuchsia;170;;;;1;;;;;MGD RPGASBW151391;;Motogoodeal;Alpinestars;;;;;;;;;;;;;;;;;;;mgd-alpinestars-jacke-stella-gunner-wp-schwarz-fushia;En Stock;Plus disponible ;;;;;;;;;;;
83543;1;MGD Blouson Alpinestars STELLA RENEE - Noir;170;;;;1;;;;;MGD RPGASBL13101;;Motogoodeal;Alpinestars;;;;;;;;;;;;;;;;;;;mgd-alpinestars-jacke-stella-renee-schwarz;En Stock;Plus disponible ;;;;;;;;;;;
83544;1;MGD Blouson Alpinestars STELLA SPARK SOFTSHELL - Vert;170;;;;1;;;;;MGD RPGASBL146581;;Motogoodeal;Alpinestars;;;;;;;;;;;;;;;;;;;mgd-alpinestars-jacke-stella-spark-softshell-grun;En Stock;Plus disponible ;;;;;;;;;;;
83545;1;MGD Blouson Alpinestars STELLA T-GP PLUS R - Noir;170;;;;1;;;;;MGD RPGASBL14121;;Motogoodeal;Alpinestars;;;;;;;;;;;;;;;;;;;mgd-alpinestars-jacke-stella-t-gp-plus-r-schwarz;En Stock;Plus disponible ;;;;;;;;;;;
83546;1;MGD Blouson Alpinestars STELLA T-JAWS WP - Noir;170;;;;1;;;;;MGD RPGASBW15103;;Motogoodeal;Alpinestars;;;;;;;;;;;;;;;;;;;mgd-alpinestars-jacke-stella-t-jaws-wp-schwarz;En Stock;Plus disponible ;;;;;;;;;;;
83547;1;MGD Blouson Alpinestars STELLA T-JAWS WP - Noir/Rose/Blanc;170;;;;1;;;;;MGD RPGASBW151322;;Motogoodeal;Alpinestars;;;;;;;;;;;;;;;;;;;mgd-alpinestars-jacke-stella-t-jaws-wp-schwarz-rosa-weiss;En Stock;Plus disponible ;;;;;;;;;;;
83548;1;MGD Blouson Alpinestars STELLA VIKA - Noir;170;;;;1;;;;;MGD RPGASBC14106;;Motogoodeal;Alpinestars;;;;;;;;;;;;;;;;;;;mgd-alpinestars-jacke-stella-vika-schwarz;En Stock;Plus disponible ;;;;;;;;;;;
83549;1;MGD Chaussures Alpinestars STELLA S-MX 6 - Noir/Blanc;170;;;;1;;;;;MGD RPGASBR14122;;Motogoodeal;Alpinestars;;;;;;;;;;;;;;;;;;;mgd-alpinestars-schuhe-stella-s-mx-6-schwarz-weiss;En Stock;Plus disponible ;;;;;;;;;;;
83550;1;MGD Chaussures Alpinestars STELLA VIKA WP - Noir;170;;;;1;;;;;MGD RPGASBT13103;;Motogoodeal;Alpinestars;;;;;;;;;;;;;;;;;;;mgd-alpinestars-schuhe-stella-vika-wp-schwarz;En Stock;Plus disponible ;;;;;;;;;;;
83551;1;MGD Gants Alpinestars STELLA ASAMA AIR - Noir/Rose/Violet;170;;;;1;;;;;MGD RPGASGL145081;;Motogoodeal;Alpinestars;;;;;;;;;;;;;;;;;;;mgd-alpinestars-handschuhe-stella-asama-air-schwarz-rosa-violet;En Stock;Plus disponible ;;;;;;;;;;;
83552;1;MGD Gants Alpinestars STELLA BAIKA - Noir;170;;;;1;;;;;MGD RPGASGL16101;;Motogoodeal;Alpinestars;;;;;;;;;;;;;;;;;;;mgd-alpinestars-handschuhe-stella-baika-schwarz;En Stock;Plus disponible ;;;;;;;;;;;
83553;1;MGD Gants Alpinestars STELLA GP PLUS - Noir;170;;;;1;;;;;MGD RPGASGR13105;;Motogoodeal;Alpinestars;;;;;;;;;;;;;;;;;;;mgd-alpinestars-handschuhe-stella-gp-plus-schwarz;En Stock;Plus disponible ;;;;;;;;;;;
83554;1;MGD Gants Alpinestars STELLA SMX-2 AIR CARBON - Noir/Fuschia;170;;;;1;;;;;MGD RPGASGA141391;;Motogoodeal;Alpinestars;;;;;;;;;;;;;;;;;;;mgd-alpinestars-handschuhe-stella-smx-2-air-carbon-schwarz-fushia;En Stock;Plus disponible ;;;;;;;;;;;
83555;1;MGD Gants Alpinestars STELLA SP-8 - Noir;170;;;;1;;;;;MGD RPGASGR13106;;Motogoodeal;Alpinestars;;;;;;;;;;;;;;;;;;;mgd-alpinestars-handschuhe-stella-sp-8-schwarz;En Stock;Plus disponible ;;;;;;;;;;;
83556;1;MGD Gants Alpinestars STELLA WR-3 GTX - Noir;170;;;;1;;;;;MGD RPGASGT13105;;Motogoodeal;Alpinestars;;;;;;;;;;;;;;;;;;;mgd-alpinestars-handschuhe-stella-wr-3-gtx-schwarz;En Stock;Plus disponible ;;;;;;;;;;;
83557;1;MGD Gants Alpinestars STELLA WR-V GTX - Noir;170;;;;1;;;;;MGD RPGASGT11101;;Motogoodeal;Alpinestars;;;;;;;;;;;;;;;;;;;mgd-alpinestars-handschuhe-stella-wr-v-gtx-schwarz;En Stock;Plus disponible ;;;;;;;;;;;
83558;1;MGD Gants Alpinestars STELLA YUKON DS - Noir/Gris;170;;;;1;;;;;MGD RPGASGT151053;;Motogoodeal;Alpinestars;;;;;;;;;;;;;;;;;;;mgd-alpinestars-handschuhe-stella-yukon-ds-schwarz-grau;En Stock;Plus disponible ;;;;;;;;;;;
83559;1;MGD Pantalon Alpinestars STELLA AST-1 WP - Noir;170;;;;1;;;;;MGD RPGASPW14121;;Motogoodeal;Alpinestars;;;;;;;;;;;;;;;;;;;mgd-alpinestars-hose-stella-ast-1-wp-schwarz;En Stock;Plus disponible ;;;;;;;;;;;
83560;1;MGD Pantalon Alpinestars STELLA BOGOTA DS - Noir/Gris;170;;;;1;;;;;MGD RPGASPM151021;;Motogoodeal;Alpinestars;;;;;;;;;;;;;;;;;;;mgd-alpinestars-hose-stella-bogota-ds-schwarz-grau;En Stock;Plus disponible ;;;;;;;;;;;
83561;1;MGD Pantalon Alpinestars STELLA KERRY TECH DENIM - Bleu;170;;;;1;;;;;MGD RPGASPL13752;;Motogoodeal;Alpinestars;;;;;;;;;;;;;;;;;;;mgd-alpinestars-hose-stella-kerry-tech-denim-blau;En Stock;Plus disponible ;;;;;;;;;;;
83563;0;MGD Alpinestars NUCLEON KR-1 - Noir/Blanc;170;;;;1;;;;;MGD RPGASSR15121;;Motogoodeal;Alpinestars;;;;;;;;;;;;;;;;;;;mgd-alpinestars-nucleon-kr-1-schwarz-weiss;En Stock;Plus disponible ;;;;;;;;;;;
83564;0;MGD Alpinestars NUCLEON KR-2 - Noir/Rouge;170;;;;1;;;;;MGD RPGASSR15131;;Motogoodeal;Alpinestars;;;;;;;;;;;;;;;;;;;mgd-alpinestars-nucleon-kr-2-schwarz-rot;En Stock;Plus disponible ;;;;;;;;;;;
83565;1;MGD Alpinestars NUCLEON KR-R - Noir/Blanc/Jaune;170;;;;1;;;;;MGD RPGASSR151251;;Motogoodeal;Alpinestars;;;;;;;;;;;;;;;;;;;mgd-alpinestars-nucleon-kr-r-schwarz-weiss-gelb;En Stock;Plus disponible ;;;;;;;;;;;
83566;1;MGD Pantalon Alpinestars Stella Cat;170;;;;1;;;;;MGD 912502;91250200;Motogoodeal;Alpinestars;;;;;;;;;;;;;;;;;;;stella-cat;En Stock;Plus disponible ;;;;;;;;;;;
83567;1;Veste Ixon PROTOUR HP - Noir/Jaune-Vif;169;;;;1;;;;;MGD RPGIXVM151722;RPGIXVM15172202;Motogoodeal;Ixon;;;;;;;;;;;;;;;;;;;ixon-jacke-protour-hp-schwarz-leuchtend-gelb;En Stock;Plus disponible ;;;;;;;;;;;
83568;1;MGD Casque Shark S700S Full Mat;168;;;;1;;;;;MGD HE0456EKMA;;Motogoodeal;Shark;;;;;;;;;;;;;;;;;;;casque-shark-s700s-full-mat;En Stock;Plus disponible ;;;;;;;;;;;
83569;1;MGD FF320 Stream Lux - rose;289;;;;1;;;;;MGD 3152012-20;;Motogoodeal;LS2;;;;;;;;;;;;;;;;;;;mgd-ff320-stream-lux-pink;En Stock;Plus disponible ;;;;;;;;;;;
83570;1;MGD FF320 Stream Omega - bleu;289;;;;1;;;;;MGD 3152010-3;;Motogoodeal;LS2;;;;;;;;;;;;;;;;;;;mgd-ff320-stream-omega-blau;En Stock;Plus disponible ;;;;;;;;;;;
83571;1;MGD FF320 Stream solid - noir mat;289;;;;1;;;;;MGD 3152015-11;;Motogoodeal;LS2;;;;;;;;;;;;;;;;;;;mgd-ff320-stream-solid-matt-schwarz;En Stock;Plus disponible ;;;;;;;;;;;
83572;1;MGD FF322 Concept II Air Fighter - vert mat;289;;;;1;;;;;MGD 3152000-15;;Motogoodeal;LS2;;;;;;;;;;;;;;;;;;;mgd-ff322-concept-ii-air-fighter-grun-matt;En Stock;Plus disponible ;;;;;;;;;;;
83573;1;MGD FF322 Concept II Air Fighter - rouge;289;;;;1;;;;;MGD 3152000-2;;Motogoodeal;LS2;;;;;;;;;;;;;;;;;;;mgd-ff322-concept-ii-air-fighter-rot;En Stock;Plus disponible ;;;;;;;;;;;
83574;1;MGD FF322 Concept II Air Fighter - blanc;289;;;;1;;;;;MGD 3152000-10;;Motogoodeal;LS2;;;;;;;;;;;;;;;;;;;mgd-ff322-concept-ii-air-fighter-weiss;En Stock;Plus disponible ;;;;;;;;;;;
83575;1;MGD FF322 Concept II solid - noir mat;289;;;;1;;;;;MGD 3141000-11;;Motogoodeal;LS2;;;;;;;;;;;;;;;;;;;mgd-ff322-concept-ii-solid-matt-schwarz;En Stock;Plus disponible ;;;;;;;;;;;
83576;1;MGD FF323 Arrow R Comet - blanc;289;;;;1;;;;;MGD 3150010-10;;Motogoodeal;LS2;;;;;;;;;;;;;;;;;;;mgd-ff323-arrow-r-comet-weiss;En Stock;Plus disponible ;;;;;;;;;;;
83577;1;MGD FF323 Arrow R Ion - vert;289;;;;1;;;;;MGD 3160010-5;;Motogoodeal;LS2;;;;;;;;;;;;;;;;;;;mgd-ff323-arrow-r-ion-grun;En Stock;Plus disponible ;;;;;;;;;;;
83578;1;MGD FF323 Arrow R Solid - noir mat;289;;;;1;;;;;MGD 3150000-11;;Motogoodeal;LS2;;;;;;;;;;;;;;;;;;;mgd-ff323-arrow-r-solid-matt-schwarz;En Stock;Plus disponible ;;;;;;;;;;;
83579;1;MGD FF324 Metro Firefly - noir;289;;;;1;;;;;MGD 3162500-1;;Motogoodeal;LS2;;;;;;;;;;;;;;;;;;;mgd-ff324-metro-firefly-schwarz;En Stock;Plus disponible ;;;;;;;;;;;
83581;1;MGD FF324 Metro Solid - noir mat;289;;;;1;;;;;MGD 3152500-11;;Motogoodeal;LS2;;;;;;;;;;;;;;;;;;;mgd-ff324-metro-solid-matt-schwarz;En Stock;Plus disponible ;;;;;;;;;;;
83582;1;MGD FF325 Strobe Solid - blanc;289;;;;1;;;;;MGD 3113000-10;;Motogoodeal;LS2;;;;;;;;;;;;;;;;;;;mgd-ff325-strobe-solid-weiss;En Stock;Plus disponible ;;;;;;;;;;;
83583;1;MGD FF352 Fluo - jaune fluo;289;;;;1;;;;;MGD 3142100-14;;Motogoodeal;LS2;;;;;;;;;;;;;;;;;;;mgd-ff352-fluo-neon-gelb;En Stock;Plus disponible ;;;;;;;;;;;
83584;1;MGD FF352 Flutter - noir;289;;;;1;;;;;MGD 3132101-1;;Motogoodeal;LS2;;;;;;;;;;;;;;;;;;;mgd-ff352-flutter-schwarz;En Stock;Plus disponible ;;;;;;;;;;;
83585;1;MGD FF352 Rookie X-Ray - noir mat;289;;;;1;;;;;MGD 3152020-11;;Motogoodeal;LS2;;;;;;;;;;;;;;;;;;;mgd-ff352-rookie-x-ray-matt-schwarz;En Stock;Plus disponible ;;;;;;;;;;;
83586;1;MGD FF358 Corsa - rouge;289;;;;1;;;;;MGD 3131500-2;;Motogoodeal;LS2;;;;;;;;;;;;;;;;;;;mgd-ff358-corsa-rot;En Stock;Plus disponible ;;;;;;;;;;;
83587;1;MGD FF358 Sterling - doré;289;;;;1;;;;;MGD 3111102-24;;Motogoodeal;LS2;;;;;;;;;;;;;;;;;;;mgd-ff358-sterling-gold;En Stock;Plus disponible ;;;;;;;;;;;
83588;1;MGD FF358 Sterling - rose;289;;;;1;;;;;MGD 3111102-12;;Motogoodeal;LS2;;;;;;;;;;;;;;;;;;;mgd-ff358-sterling-rosa;En Stock;Plus disponible ;;;;;;;;;;;
83589;1;MGD FF397 Vector Solid - noir mat;289;;;;1;;;;;MGD 3160100-11;;Motogoodeal;LS2;;;;;;;;;;;;;;;;;;;mgd-ff397-vector-solid-matt-schwarz;En Stock;Plus disponible ;;;;;;;;;;;
83590;1;MGD FF397 Vector Vantage - jaune fluo;289;;;;1;;;;;MGD 3160130-14;;Motogoodeal;LS2;;;;;;;;;;;;;;;;;;;mgd-ff397-vector-vantage-neon-gelb;En Stock;Plus disponible ;;;;;;;;;;;
83591;1;MGD FF397 Vector Vantage - rouge;289;;;;1;;;;;MGD 3160130-2;;Motogoodeal;LS2;;;;;;;;;;;;;;;;;;;mgd-ff397-vector-vantage-rot;En Stock;Plus disponible ;;;;;;;;;;;
83592;1;MGD OF521 Infinity Solid - noir mat;289;;;;1;;;;;MGD 3165100-11;;Motogoodeal;LS2;;;;;;;;;;;;;;;;;;;mgd-of521-infinity-solid-matt-schwarz;En Stock;Plus disponible ;;;;;;;;;;;
83593;1;MGD OF521 Infinity Solid - blanc;289;;;;1;;;;;MGD 3165100-10;;Motogoodeal;LS2;;;;;;;;;;;;;;;;;;;mgd-of521-infinity-solid-weiss;En Stock;Plus disponible ;;;;;;;;;;;
83594;1;MGD OF560 College - noir;289;;;;1;;;;;MGD 3115402-1;;Motogoodeal;LS2;;;;;;;;;;;;;;;;;;;mgd-of560-college-schwarz;En Stock;Plus disponible ;;;;;;;;;;;
83595;1;MGD OF560 Rocket II Solid - noir mat;289;;;;1;;;;;MGD 3115300-11;;Motogoodeal;LS2;;;;;;;;;;;;;;;;;;;mgd-of560-rocket-ii-solid-matt-schwarz;En Stock;Plus disponible ;;;;;;;;;;;
83596;1;MGD OF560 Team - blanc;289;;;;1;;;;;MGD 3115403-10;;Motogoodeal;LS2;;;;;;;;;;;;;;;;;;;mgd-of560-team-weiss;En Stock;Plus disponible ;;;;;;;;;;;
83597;1;MGD OF561 Dinoco - noir;289;;;;1;;;;;MGD 3135201-1;;Motogoodeal;LS2;;;;;;;;;;;;;;;;;;;mgd-of561-dinoco-schwarz;En Stock;Plus disponible ;;;;;;;;;;;
83598;1;MGD OF561 Wave Beat - rose;289;;;;1;;;;;MGD 3165200-20;;Motogoodeal;LS2;;;;;;;;;;;;;;;;;;;mgd-of561-wave-beat-pink;En Stock;Plus disponible ;;;;;;;;;;;
83599;1;MGD OF561 Wave Solid - noir mat;289;;;;1;;;;;MGD 3135200-11;;Motogoodeal;LS2;;;;;;;;;;;;;;;;;;;mgd-of561-wave-solid-matt-schwarz;En Stock;Plus disponible ;;;;;;;;;;;
83600;1;MGD OF569 Track solid - noir mat;289;;;;1;;;;;MGD 3115100-11;;Motogoodeal;LS2;;;;;;;;;;;;;;;;;;;mgd-of569-track-solid-matt-schwarz;En Stock;Plus disponible ;;;;;;;;;;;
83601;1;MGD OF569 Track solid - blanc;289;;;;1;;;;;MGD 3115100-10;;Motogoodeal;LS2;;;;;;;;;;;;;;;;;;;mgd-of569-track-solid-weiss;En Stock;Plus disponible ;;;;;;;;;;;
83602;1;MGD OF583 Bobber Kurt - vert mat;289;;;;1;;;;;MGD 3155030-15;;Motogoodeal;LS2;;;;;;;;;;;;;;;;;;;mgd-of583-bobber-kurt-grun-matt;En Stock;Plus disponible ;;;;;;;;;;;
83603;1;MGD OF583 Bobber Solid - noir mat;289;;;;1;;;;;MGD 3155035-11;;Motogoodeal;LS2;;;;;;;;;;;;;;;;;;;mgd-of583-bobber-solid-matt-schwarz;En Stock;Plus disponible ;;;;;;;;;;;
83604;1;MGD OF586 Bishop Solid - noir mat;289;;;;1;;;;;MGD 3145000-11;;Motogoodeal;LS2;;;;;;;;;;;;;;;;;;;mgd-of586-bishop-solid-matt-schwarz;En Stock;Plus disponible ;;;;;;;;;;;
83605;1;MGD OF597 Cabrio Carbon - carbon;289;;;;1;;;;;MGD 3155040-29;;Motogoodeal;LS2;;;;;;;;;;;;;;;;;;;mgd-of597-cabrio-carbon-carbon;En Stock;Plus disponible ;;;;;;;;;;;
83606;1;MGD OF597 Cabrio Via - jaune fluo;289;;;;1;;;;;MGD 3165040-14;;Motogoodeal;LS2;;;;;;;;;;;;;;;;;;;mgd-of597-cabrio-via-neon-gelb;En Stock;Plus disponible ;;;;;;;;;;;
83607;1;MGD OF597 Cabrio Via - orange;289;;;;1;;;;;MGD 3165040-8;;Motogoodeal;LS2;;;;;;;;;;;;;;;;;;;mgd-of597-cabrio-via-orange;En Stock;Plus disponible ;;;;;;;;;;;
83608;1;MGD OF597 Cabrio Via - titan/gun;289;;;;1;;;;;MGD 3165040-26;;Motogoodeal;LS2;;;;;;;;;;;;;;;;;;;mgd-of597-cabrio-via-titan-gun;En Stock;Plus disponible ;;;;;;;;;;;
83609;1;MGD OF597 Cabrio Via - blanc matt;289;;;;1;;;;;MGD 3165040-21;;Motogoodeal;LS2;;;;;;;;;;;;;;;;;;;mgd-of597-cabrio-via-weiss-matt;En Stock;Plus disponible ;;;;;;;;;;;
83610;1;MGD Casque HJC FG-70S BLACK;447;;;;1;;;;;MGD 107H16 02;;Motogoodeal;HJC;;;;;;;;;;;;;;;;;;;casque-hjc-fg-70s-black;En Stock;Plus disponible ;;;;;;;;;;;
83630;0;MGD Bottes Bering Lady Tera;447;;;;1;;;;;MGD;;Motogoodeal;Bering;;;;;;;;;;;;;;;;;;;bottes-bering-lady-tera;En Stock;Plus disponible ;;;;;;;;;;;
83635;0;MGD Casque Shark SKWAL BLANK MAT;168;;;;1;;;;;MGD HE5402EKMA;HE9255EKMA;Motogoodeal;Shark;;;;;;;;;;;;;;;;;;;casque-shark-skwal-blank-mat;En Stock;Plus disponible ;;;;;;;;;;;
83636;1;MGD Casque Shark Speed-R Tizzi;168;;;;1;;;;;MGD HE4757EKYW;;Motogoodeal;Shark;;;;;;;;;;;;;;;;;;;casque-shark-speed-r-foggy-20th;En Stock;Plus disponible ;;;;;;;;;;;
83638;1;MGD Casque Shark Vision-R 2 Cartney;168;;;;1;;;;;MGD HE4460EKAU;;Motogoodeal;Shark;;;;;;;;;;;;;;;;;;;casque-shark-vision-r-2-cartney;En Stock;Plus disponible ;;;;;;;;;;;
83639;1;MGD Casque Shark S700S Squad;168;;;;1;;;;;MGD HE0415EYKW;;Motogoodeal;Shark;;;;;;;;;;;;;;;;;;;casque-shark-s700s-squad;En Stock;Plus disponible ;;;;;;;;;;;
83640;1;MGD Casque Shark S900C;168;;;;1;;;;;MGD SIGNATURE;;Motogoodeal;Shark;;;;;;;;;;;;;;;;;;;casque-shark-s900c-signature;En Stock;Plus disponible ;;;;;;;;;;;
83641;1;MGD Casque Shark S900C Code;168;;;;1;;;;;MGD HE0963EKWR;;Motogoodeal;Shark;;;;;;;;;;;;;;;;;;;casque-shark-s900c-code;En Stock;Plus disponible ;;;;;;;;;;;
83642;1;MGD Casque Shark Skwal Switch Riders Mat;168;;;;1;;;;;MGD HE5421EGAO;;Motogoodeal;Shark;;;;;;;;;;;;;;;;;;;casque-shark-skwal-switch-riders-mat;En Stock;Plus disponible ;;;;;;;;;;;
83643;1;MGD Casque Shark Skwal Flynn;168;;;;1;;;;;MGD HE5427EKYA;;Motogoodeal;Shark;;;;;;;;;;;;;;;;;;;casque-shark-skwal-flynn;En Stock;Plus disponible ;;;;;;;;;;;
83645;1;MGD Casque Shark Skwal Trion mat;168;;;;1;;;;;MGD HE5423EKVV;;Motogoodeal;Shark;;;;;;;;;;;;;;;;;;;casque-shark-skwal-trion-mat;En Stock;Plus disponible ;;;;;;;;;;;
83646;1;MGD Casque Shark SKWAL INSTINCT MAT;168;;;;1;;;;;MGD HE5408EKWS;HE9255EKMA;Motogoodeal;Shark;;;;;;;;;;;;;;;;;;;casque-shark-skwal-instinct-mat;En Stock;Plus disponible ;;;;;;;;;;;
83647;1;MGD Casque Shark Speed-R Sauer;168;;;;1;;;;;MGD HE4610EWBR;;Motogoodeal;Shark;;;;;;;;;;;;;;;;;;;casque-shark-speed-r-sauer;En Stock;Plus disponible ;;;;;;;;;;;
83648;1;MGD Casque Shark S700S Nasty;168;;;;1;;;;;MGD HE0450EKVW;;Motogoodeal;Shark;;;;;;;;;;;;;;;;;;;casque-s700s-nasty;En Stock;Plus disponible ;;;;;;;;;;;
83649;0;MGD Casque Shark S700S Nasty;168;;;;1;;;;;MGD HE0450EKYW;;Motogoodeal;Shark;;;;;;;;;;;;;;;;;;;casque-s700s-nasty;En Stock;Plus disponible ;;;;;;;;;;;
83650;1;MGD Casque Shark S700S Legion Mat;168;;;;1;;;;;MGD HE0427EKKW;;Motogoodeal;Shark;;;;;;;;;;;;;;;;;;;casque-shark-s700s-legion-mat;En Stock;Plus disponible ;;;;;;;;;;;
83651;1;MGD Casque Shark S700S Spring WKV;168;;;;1;;;;;MGD HE0445EWKV;;Motogoodeal;Shark;;;;;;;;;;;;;;;;;;;casque-shark-s700s-spring-wkv;En Stock;Plus disponible ;;;;;;;;;;;
83652;1;MGD Casque Shark S700S Oxyd;168;;;;1;;;;;MGD HE0459EKPA- Femme;;Motogoodeal;Shark;;;;;;;;;;;;;;;;;;;casque-shark-s700s-oxyd;En Stock;Plus disponible ;;;;;;;;;;;
83654;1;Casque Shark S600 QR CODE;168;;;;1;;;;;HE2345EKPKM;;Motogoodeal;Shark;;;;;;;;;;;;;;;;;;;casque-shark-s600-qr-code;En Stock;Plus disponible ;;;;;;;;;;;
83655;1;MGD Casque Shark S600 DARK KNIGHT;168;;;;1;;;;;MGD HE2335EWKS;;Motogoodeal;Shark;;;;;;;;;;;;;;;;;;;casque-shark-s600-dark-knight;En Stock;Plus disponible ;;;;;;;;;;;
83656;0;MGD Casque Shark Evo One Astor;168;;;;1;;;;;HE9405EWKA;;Motogoodeal;Shark;;;;;;;;;;;;;;;;;;;casque-shark-evo-one-blank-mat;En Stock;Plus disponible ;;;;;;;;;;;
83658;0;MGD Casque Shark Evo One Krono mat;168;;;;1;;;;;MGD HE9409EKYW;;Motogoodeal;Shark;;;;;;;;;;;;;;;;;;;casque-shark-evo-one-blank-mat;En Stock;Plus disponible ;;;;;;;;;;;
83659;0;MGD Casque Shark Evo One Blank Mat;168;;;;1;;;;;MGD HE9402EKMA;;Motogoodeal;Shark;;;;;;;;;;;;;;;;;;;casque-shark-evo-one-blank-mat;En Stock;Plus disponible ;;;;;;;;;;;
83660;1;MGD Casque Shark Evoline Serie 3 Hakka;168;;;;1;;;;;MGD HE9252EWKR;;Motogoodeal;Shark;;;;;;;;;;;;;;;;;;;casque-shark-evoline-serie-3-hakka-mgd;En Stock;Plus disponible ;;;;;;;;;;;
83661;1;MGD Casque Shark EVOLINE SERIE 3;168;;;;1;;;;;MGD ;;Motogoodeal;Shark;;;;;;;;;;;;;;;;;;;casque-shark-evoline-serie-3-mat;En Stock;Plus disponible ;;;;;;;;;;;
83662;1;MGD Casque Shark Evoline Serie 3 Fusion;168;;;;1;;;;;MGD HE9250EWHU;;Motogoodeal;Shark;;;;;;;;;;;;;;;;;;;casque-shark-evoline-serie-3-fusion;En Stock;Plus disponible ;;;;;;;;;;;
83663;1;MGD Casque Shark Evoline Serie 3 MOOV UP;168;;;;1;;;;;MGD HE9360EWKR;;Motogoodeal;Shark;;;;;;;;;;;;;;;;;;;casque-shark-evoline-serie-3-moov-up-mgd;En Stock;Plus disponible ;;;;;;;;;;;
83665;1;MGD Casque Shark Evoline Serie 3 MOOV UP MGD;168;;;;1;;;;;MGD HE9360EWKS-MGD;;Motogoodeal;Shark;;;;;;;;;;;;;;;;;;;casque-shark-evoline-serie-3-moov-up-mgd;En Stock;Plus disponible ;;;;;;;;;;;
83666;1;MGD Casque Shark Evoline PRO CARBON MAT;168;;;;1;;;;;MGD HE9902EDKS;;Motogoodeal;Shark;;;;;;;;;;;;;;;;;;;casque-shark-evoline-pro-carbon-mat;En Stock;Plus disponible ;;;;;;;;;;;
83667;1;MGD Casque Shark RACE-R PRO CARBON BLANK;168;;;;1;;;;;MGD ;;Motogoodeal;Shark;;;;;;;;;;;;;;;;;;;casque-shark-race-r-pro-carbon-blank;En Stock;Plus disponible ;;;;;;;;;;;
83668;1;MGD Casque Cross Shark SX2 Wacken;168;;;;1;;;;;MGD HE2215EKWA;;Motogoodeal;Shark;;;;;;;;;;;;;;;;;;;casque-cross-shark-sx2-wacken-;En Stock;Plus disponible ;;;;;;;;;;;
83669;1;MGD Casque Cross Shark SX2 Wacken;168;;;;1;;;;;MGD HE2215EOKW;;Motogoodeal;Shark;;;;;;;;;;;;;;;;;;;casque-cross-shark-sx2-wacken-;En Stock;Plus disponible ;;;;;;;;;;;
83670;1;MGD Casque Shark RSJ UNI Mat;168;;;;1;;;;;MGD HE7402EKMA;HE7800EBLK;Motogoodeal;Shark;;;;;;;;;;;;;;;;;;;casque-shark-rsj-uni-mat;En Stock;Plus disponible ;;;;;;;;;;;
83671;1;MGD Casque Shark RAW STRIPE MAT;168;;;;1;;;;;MGD HE3017EKWK;;Motogoodeal;Shark;;;;;;;;;;;;;;;;;;;raw-stripe-mat;En Stock;Plus disponible ;;;;;;;;;;;
83672;1;MGD Casque Shark RAW BLANK MAT;168;;;;1;;;;;MGD HE3012EKMA;;Motogoodeal;Shark;;;;;;;;;;;;;;;;;;;casque-shark-raw-blank-mat;En Stock;Plus disponible ;;;;;;;;;;;
83673;1;MGD Casque Shark RAW Kurtz Mat-GEK;168;;;;1;;;;;MGD ;HE30017EKWK;Motogoodeal;Shark;;;;;;;;;;;;;;;;;;;raw-stripe-mat;En Stock;Plus disponible ;;;;;;;;;;;
83674;1;MGD Casque Shark Nano 72;168;;;;1;;;;;MGD HE2830EWXK;;Motogoodeal;Shark;;;;;;;;;;;;;;;;;;;casque-shark-nano-72;En Stock;Plus disponible ;;;;;;;;;;;
83676;1;MGD IXS X-Gant Solaro II noir;447;;;;1;;;;;MGD X40012-003;X40012-003-4XL;Motogoodeal;IXS;;;;;;;;;;;;;;;;;;;ixs-x-gant-solaro-ii-noir;En Stock;Plus disponible ;;;;;;;;;;;
83677;1;MGD Casque IXS HX 215 Rubin blanc-argent-rouge;447;;;;1;;;;;MGD X14056-192;X14056-192-XL;Motogoodeal;IXS;;;;;;;;;;;;;;;;;;;casque-ixs-hx-215-rubin-blanc-argent-rouge;En Stock;Plus disponible ;;;;;;;;;;;
83680;1;MGD Casque IXS HX 1000 noir;447;;;;1;;;;;MGD X14040-003;X14040-003-XL;Motogoodeal;IXS;;;;;;;;;;;;;;;;;;;casque-ixs-hx-1000-noir;En Stock;Plus disponible ;;;;;;;;;;;
83681;1;MGD Casque IXS HX 215 blanc;447;;;;1;;;;;MGD X14055-001;X14055-001-XL;Motogoodeal;IXS;;;;;;;;;;;;;;;;;;;casque-ixs-hx-215-blanc;En Stock;Plus disponible ;;;;;;;;;;;
83682;1;MGD Casque IXS HX 137 noir mat;447;;;;1;;;;;MGD X10016-M33;X10016-M33-2XL;Motogoodeal;IXS;;;;;;;;;;;;;;;;;;;casque-ixs-hx-137-noir-mat;En Stock;Plus disponible ;;;;;;;;;;;
83683;1;MGD Casque IXS HX 137 noir;447;;;;1;;;;;MGD X10016-003;X10016-003-S;Motogoodeal;IXS;;;;;;;;;;;;;;;;;;;casque-ixs-hx-137-noir;En Stock;Plus disponible ;;;;;;;;;;;
83684;1;MGD Casque IXS HX 207 Atlas blanc-rouge-argent;447;;;;1;;;;;MGD X12021-129;X12021-129-M;Motogoodeal;IXS;;;;;;;;;;;;;;;;;;;casque-ixs-hx-207-atlas-blanc-rouge-argent;En Stock;Plus disponible ;;;;;;;;;;;
83685;1;MGD Casque IXS HX 105 noir mat-argent;447;;;;1;;;;;MGD Z4005-M39;Z4005-M39-3XL;Motogoodeal;IXS;;;;;;;;;;;;;;;;;;;casque-ixs-hx-105-noir-mat-argent;En Stock;Plus disponible ;;;;;;;;;;;
83687;1;MGD Casque IXS HX 105 NEON noir-jaune-mat;447;;;;1;;;;;MGD X10019-M35;X10019-M35-L;Motogoodeal;IXS;;;;;;;;;;;;;;;;;;;casque-ixs-hx-105-neon-noir-jaune-mat;En Stock;Plus disponible ;;;;;;;;;;;
83688;1;MGD Casque IXS HX 104 noir mat;447;;;;1;;;;;MGD Z4004-333;Z4004-333-L;Motogoodeal;IXS;;;;;;;;;;;;;;;;;;;casque-ixs-hx-104-noir-mat;En Stock;Plus disponible ;;;;;;;;;;;
83689;1;MGD Casque IXS HX 91 blanc;447;;;;1;;;;;MGD X10801-001;X10801-001-S;Motogoodeal;IXS;;;;;;;;;;;;;;;;;;;casque-ixs-hx-91-blanc;En Stock;Plus disponible ;;;;;;;;;;;
83690;1;MGD Casque IXS HX 87 Crackle noir mat;447;;;;1;;;;;MGD X10025-M33;X10025-M33-L;Motogoodeal;IXS;;;;;;;;;;;;;;;;;;;casque-ixs-hx-87-crackle-noir-mat;En Stock;Plus disponible ;;;;;;;;;;;
83691;1;MGD Casque IXS HX 89 Star II noir-blanc mat;447;;;;1;;;;;MGD X10048-M31;X10048-M31-XL;Motogoodeal;IXS;;;;;;;;;;;;;;;;;;;casque-ixs-hx-89-star-ii-noir-blanc-mat;En Stock;Plus disponible ;;;;;;;;;;;
83692;1;MGD Casque IXS HX 77 Start noir-blanc;447;;;;1;;;;;MGD X10037-031;X10037-031-XS;Motogoodeal;IXS;;;;;;;;;;;;;;;;;;;casque-ixs-hx-77-start-noir-blanc;En Stock;Plus disponible ;;;;;;;;;;;
83693;1;MGD Casque IXS HX 77 Start blanc-noir-rouge;447;;;;1;;;;;MGD X10037-132;X10037-132-L;Motogoodeal;IXS;;;;;;;;;;;;;;;;;;;casque-ixs-hx-77-start-blanc-noir-rouge;En Stock;Plus disponible ;;;;;;;;;;;
83694;1;MGD IXS X-Gant Samur noir;447;;;;1;;;;;MGD X40704-003;X40704-003-S;Motogoodeal;IXS;;;;;;;;;;;;;;;;;;;ixs-x-gant-samur-noir;En Stock;Plus disponible ;;;;;;;;;;;
83695;1;MGD IXS X-Gant Toulon noir;447;;;;1;;;;;MGD X40011-003;X40011-003-XS;Motogoodeal;IXS;;;;;;;;;;;;;;;;;;;ixs-x-gant-toulon-noir;En Stock;Plus disponible ;;;;;;;;;;;
83696;1;MGD IXS X-Gant X-7 noir;447;;;;1;;;;;MGD X42703-003;X42703-003-S;Motogoodeal;IXS;;;;;;;;;;;;;;;;;;;ixs-x-gant-x-7-noir;En Stock;Plus disponible ;;;;;;;;;;;
83697;1;MGD IXS X-Gant Village II noir;447;;;;1;;;;;MGD X42032-003;X42032-003-2XL;Motogoodeal;IXS;;;;;;;;;;;;;;;;;;;ixs-x-gant-village-ii-noir;En Stock;Plus disponible ;;;;;;;;;;;
83698;1;MGD IXS X-Veste Activo noir-vert-blanc;447;;;;1;;;;;MGD X56018-371;X56018-371-3XL;Motogoodeal;IXS;;;;;;;;;;;;;;;;;;;ixs-x-veste-activo-noir-vert-blanc;En Stock;Plus disponible ;;;;;;;;;;;
83699;1;MGD IXS X-Veste Activo noir-bleu-blanc;447;;;;1;;;;;MGD X56018-341;X56018-341-L;Motogoodeal;IXS;;;;;;;;;;;;;;;;;;;ixs-x-veste-activo-noir-bleu-blanc;En Stock;Plus disponible ;;;;;;;;;;;
83700;1;MGD IXS X-Veste Evans noir;447;;;;1;;;;;MGD X55028-003;X55028-003-M;Motogoodeal;IXS;;;;;;;;;;;;;;;;;;;ixs-x-veste-evans-noir;En Stock;Plus disponible ;;;;;;;;;;;
83701;1;MGD IXS X-Veste Norman noir-blanc;447;;;;1;;;;;MGD X56016-031;X56016-031-S;Motogoodeal;IXS;;;;;;;;;;;;;;;;;;;ixs-x-veste-norman-noir-blanc;En Stock;Plus disponible ;;;;;;;;;;;
83702;1;MGD IXS X-Veste Norman noir;447;;;;1;;;;;MGD X56016-003;;Motogoodeal;IXS;;;;;;;;;;;;;;;;;;;ixs-x-veste-norman-noir;En Stock;Plus disponible ;;;;;;;;;;;
83703;1;MGD IXS X-Veste Shertan noir-blanc;447;;;;1;;;;;MGD X73015-031;X73015-031-56;Motogoodeal;IXS;;;;;;;;;;;;;;;;;;;ixs-x-veste-shertan-noir-blanc;En Stock;Plus disponible ;;;;;;;;;;;
83704;1;MGD IXS X-Veste Shertan noir;447;;;;1;;;;;MGD X73015-003;X73015-003-48H;Motogoodeal;IXS;;;;;;;;;;;;;;;;;;;ixs-x-veste-shertan-noir;En Stock;Plus disponible ;;;;;;;;;;;
83705;1;MGD IXS X-Veste Sting noir-jaune-blanc;447;;;;1;;;;;MGD X73011-351;X73011-351-110;Motogoodeal;IXS;;;;;;;;;;;;;;;;;;;ixs-x-veste-sting-noir-jaune-blanc;En Stock;Plus disponible ;;;;;;;;;;;
83706;1;MGD IXS X-Chaussures Lea II noir;447;;;;1;;;;;MGD X47713-003;X47713-003-37;Motogoodeal;IXS;;;;;;;;;;;;;;;;;;;ixs-x-chaussures-lea-ii-noir;En Stock;Plus disponible ;;;;;;;;;;;
83707;1;MGD IXS X-Pantalon Aurora noir;447;;;;1;;;;;MGD X65306-003;X65306-003-DS;Motogoodeal;IXS;;;;;;;;;;;;;;;;;;;ixs-x-pantalon-aurora-noir;En Stock;Plus disponible ;;;;;;;;;;;
83708;0;MGD Combinaison Alpinestars GP PRO 2PCE - Noir/Blanc/Rouge;170;;;;1;;;;;MGD RPGASL2141231;RPGASL214123102;Motogoodeal;Alpinestars;;;;;;;;;;;;;;;;;;;alpinestars-kombi-gp-pro-2pce-schwarz-weiss-rot;En Stock;Plus disponible ;;;;;;;;;;;
83710;1;MGD Casque Shoei GT Air blanc;454;;;;1;;;;;MGD Z12000-001;Z12000-001-2XL;Motogoodeal;Shoei;;;;;;;;;;;;;;;;;;;casque-shoei-gt-air-blanc;En Stock;Plus disponible ;;;;;;;;;;;
83711;1;MGD Casque Shoei GT-Air Inertia rouge-blanc-noir;454;;;;1;;;;;MGD Z12003-213;Z12003-213-S;Motogoodeal;Shoei;;;;;;;;;;;;;;;;;;;casque-shoei-gt-air-inertia-rouge-blanc-noir;En Stock;Plus disponible ;;;;;;;;;;;
83712;1;MGD Casque Shoei GT-Air Regalia blanc-noir-gris;454;;;;1;;;;;MGD Z12004-139;Z12004-139-XL;Motogoodeal;Shoei;;;;;;;;;;;;;;;;;;;casque-shoei-gt-air-regalia-blanc-noir-gris;En Stock;Plus disponible ;;;;;;;;;;;
83714;1;MGD Casque Shoei GT-Air Exposure TC-1 mat rouge-noir;454;;;;1;;;;;MGD Z12008-M23;Z12008-M23-M;Motogoodeal;Shoei;;;;;;;;;;;;;;;;;;;casque-shoei-gt-air-exposure-tc-1-mat-rouge-noir;En Stock;Plus disponible ;;;;;;;;;;;
83715;1;MGD Casque Shoei GT-Air Exposure TC-10 blanc-bleu-rouge;454;;;;1;;;;;MGD Z12008-142;Z12008-142-XS;Motogoodeal;Shoei;;;;;;;;;;;;;;;;;;;casque-shoei-gt-air-exposure-tc-10-blanc-bleu-rouge;En Stock;Plus disponible ;;;;;;;;;;;
83716;1;MGD Casque Shoei GT-Air Wanderer TC-3 jaune mat-noir;454;;;;1;;;;;MGD Z12001-M53;Z12001-M53-2XL;Motogoodeal;Shoei;;;;;;;;;;;;;;;;;;;casque-shoei-gt-air-wanderer-tc-3-jaune-mat-noir;En Stock;Plus disponible ;;;;;;;;;;;
83717;1;MGD Casque Shoei NXR Mystify rouge-noir-gris;454;;;;1;;;;;MGD Z11501-239;Z11501-239-XL;Motogoodeal;Shoei;;;;;;;;;;;;;;;;;;;casque-shoei-nxr-mystify-rouge-noir-gris;En Stock;Plus disponible ;;;;;;;;;;;
