id;Active (0/1);Name *;Categories;Price tax excluded or Price tax included;Tax rules ID;Wholesale price;On sale (0/1);Discount amount;Discount percent;Discount from (yyyy-mm-dd);Discount to (yyyy-mm-dd);SKU;Supplier reference #;Supplier;Manufacturer;EAN13;UPC;Ecotax;Width;Height;Depth;Weight;Quantity;Minimal quantity;Visibility;Additional shipping cost;Unity;Unit price;Short description;Description;Tags (x,y,z...);Meta title;Meta keywords;Meta description;URL rewritten;Text when in stock;Text when backorder allowed;Available for order (0 = No, 1 = Yes);Product available date;Product creation date;Show price (0 = No, 1 = Yes);image url;Delete existing images (0 = No, 1 = Yes);Feature(Name:Value:Position);Available online only (0 = No, 1 = Yes);Condition;Customizable (0 = No, 1 = Yes);Uploadable files (0 = No, 1 = Yes);Text fields (0 = No, 1 = Yes);Out of stock;ID / Name of shop;Advanced stock management;Depends On Stock;Warehouse
80547;1;Visiere Profile 08 Casque;202;49.07;1;19.628;;;;;;7545.091;7545.091;Freidig;Acerbis;;;;;;;;2;;;;;;Visière de casque ;Visière De Casque Acerbis Profile 08<p>Permet de limiter :</p><ul><li>l'aveuglement des rayons du soleil</li><li>la poussière</li><li>les insectes</li><li>l'humidité</li></ul><br><p>Il existe deux types de visières de casque :</p><ul><li>l'écran : devant les yeux, sur le casque intégral et modulable</li><li>la casquette : au niveau du front, sur le casque de moto-cross et jet</li></ul>;;;;;;;;1;2016-03-17;2016-03-17;1;https://www.motogoodeal.ch/img/import/0007545 960_0.jpg;0;Couleur:Noir:1,Type de casque:Visière:2,Genre:Unisexe:3,Marque:Acerbis:11,Modèle:Profile 08:12,;;;;;;;;;;
80548;1;Visiere Profile 08 Casque;202;49.07;1;19.628;;;;;;7545.111;7545.111;Freidig;Acerbis;;;;;;;;1;;;;;;Visière de casque ;Visière De Casque Acerbis Profile 08<p>Permet de limiter :</p><ul><li>l'aveuglement des rayons du soleil</li><li>la poussière</li><li>les insectes</li><li>l'humidité</li></ul><br><p>Il existe deux types de visières de casque :</p><ul><li>l'écran : devant les yeux, sur le casque intégral et modulable</li><li>la casquette : au niveau du front, sur le casque de moto-cross et jet</li></ul>;;;;;;;;1;2016-03-17;2016-03-17;1;https://www.motogoodeal.ch/img/import/0007545 026_0.jpg;0;Couleur:Rouge:1,Type de casque:Visière:2,Genre:Unisexe:3,Marque:Acerbis:11,Modèle:Profile 08:12,;;;;;;;;;;
80549;1;Visiere Profile Evolution Casque;202;49.07;1;19.628;;;;;;0007545.204;0007545.204;Freidig;Acerbis;;;;;;;;1;;;;;;Visière de casque ;Visière De Casque Acerbis Profile Evolution<p>Permet de limiter :</p><ul><li>l'aveuglement des rayons du soleil</li><li>la poussière</li><li>les insectes</li><li>l'humidité</li></ul><br><p>Il existe deux types de visières de casque :</p><ul><li>l'écran : devant les yeux, sur le casque intégral et modulable</li><li>la casquette : au niveau du front, sur le casque de moto-cross et jet</li></ul>;;;;;;;;1;2016-03-17;2016-03-17;1;https://www.motogoodeal.ch/img/import/0007545 310_0.jpg;0;Couleur:Orange:1,Type de casque:Visière:2,Genre:Unisexe:3,Marque:Acerbis:11,Modèle:Profile Evolution:12,;;;;;;;;;;
80550;1;Visiere De Casque Profile Evolution 06 Bleu;202;49.07;1;19.628;;;;;;0009095.040;0009095.040;Freidig;Acerbis;;;;;;;;4;;;;;;Visière de casque ;Visière De Casque Acerbis Profile Evolution<p>Permet de limiter :</p><ul><li>l'aveuglement des rayons du soleil</li><li>la poussière</li><li>les insectes</li><li>l'humidité</li></ul><br><p>Il existe deux types de visières de casque :</p><ul><li>l'écran : devant les yeux, sur le casque intégral et modulable</li><li>la casquette : au niveau du front, sur le casque de moto-cross et jet</li></ul>;;;;;;;;1;2016-03-17;2016-03-17;1;https://www.motogoodeal.ch/img/import/0009095.040_0.jpg;0;Couleur:Bleu:1,Type de casque:Visière:2,Genre:Unisexe:3,Marque:Acerbis:11,Modèle:Profile Evolution 06:12,;;;;;;;;;;
80551;1;Visiere De Casque Profile Evolution 06 Noir;202;49.07;1;19.628;;;;;;0009095.090;0009095.090;Freidig;Acerbis;;;;;;;;4;;;;;;Visière de casque ;Visière De Casque Acerbis Profile Evolution<p>Permet de limiter :</p><ul><li>l'aveuglement des rayons du soleil</li><li>la poussière</li><li>les insectes</li><li>l'humidité</li></ul><br><p>Il existe deux types de visières de casque :</p><ul><li>l'écran : devant les yeux, sur le casque intégral et modulable</li><li>la casquette : au niveau du front, sur le casque de moto-cross et jet</li></ul>;;;;;;;;1;2016-03-17;2016-03-17;1;https://www.motogoodeal.ch/img/import/0009095.090_0.jpg;0;Couleur:Noir:1,Type de casque:Visière:2,Genre:Unisexe:3,Marque:Acerbis:11,Modèle:Profile Evolution 06:12,;;;;;;;;;;
80552;1;Visiere De Casque Profile Evolution 06 Rouge;202;49.07;1;19.628;;;;;;0009095.110;0009095.110;Freidig;Acerbis;;;;;;;;4;;;;;;Visière de casque ;Visière De Casque Acerbis Profile Evolution<p>Permet de limiter :</p><ul><li>l'aveuglement des rayons du soleil</li><li>la poussière</li><li>les insectes</li><li>l'humidité</li></ul><br><p>Il existe deux types de visières de casque :</p><ul><li>l'écran : devant les yeux, sur le casque intégral et modulable</li><li>la casquette : au niveau du front, sur le casque de moto-cross et jet</li></ul>;;;;;;;;1;2016-03-17;2016-03-17;1;https://www.motogoodeal.ch/img/import/0009095.110_0.jpg;0;Couleur:Rouge:1,Type de casque:Visière:2,Genre:Unisexe:3,Marque:Acerbis:11,Modèle:Profile Evolution 06:12,;;;;;;;;;;
80553;1;Visiere De Casque Impact Fiber 06 Noir;202;49.07;1;19.628;;;;;;0009096.322;0009096.322;Freidig;Acerbis;;;;;;;;4;;;;;;Visière de casque ;Visière De Casque Acerbis Impact Fiber 06<p>Permet de limiter :</p><ul><li>l'aveuglement des rayons du soleil</li><li>la poussière</li><li>les insectes</li><li>l'humidité</li></ul><br><p>Il existe deux types de visières de casque :</p><ul><li>l'écran : devant les yeux, sur le casque intégral et modulable</li><li>la casquette : au niveau du front, sur le casque de moto-cross et jet</li></ul>;;;;;;;;1;2016-03-17;2016-03-17;1;https://www.motogoodeal.ch/img/import/0009096.322_0.jpg;0;Couleur:Noir:1,Type de casque:Visière:2,Genre:Unisexe:3,Marque:Acerbis:11,Modèle:Impact Fiber 06:12,;;;;;;;;;;
80554;1;Visiere De Casque Impact Fiber 06 Patriot;202;49.07;1;19.628;;;;;;0009096.344;0009096.344;Freidig;Acerbis;;;;;;;;4;;;;;;Visière de casque ;Visière De Casque Acerbis Impact Fiber 06<p>Permet de limiter :</p><ul><li>l'aveuglement des rayons du soleil</li><li>la poussière</li><li>les insectes</li><li>l'humidité</li></ul><br><p>Il existe deux types de visières de casque :</p><ul><li>l'écran : devant les yeux, sur le casque intégral et modulable</li><li>la casquette : au niveau du front, sur le casque de moto-cross et jet</li></ul>;;;;;;;;1;2016-03-17;2016-03-17;1;https://www.motogoodeal.ch/img/import/0009096.344_0.jpg;0;Type de casque:Visière:2,Genre:Unisexe:3,Marque:Acerbis:11,Modèle:Impact Fiber 06:12,;;;;;;;;;;
80555;1;Visiere De Casque Impact Evo 06 Pilot'S Dream;202;49.07;1;17.1745;;;;;;0009097.091;0009097.091;Freidig;Acerbis;;;;;;;;3;;;;;;Visière de casque ;Visière De Casque Acerbis Impact Evo 06<p>Permet de limiter :</p><ul><li>l'aveuglement des rayons du soleil</li><li>la poussière</li><li>les insectes</li><li>l'humidité</li></ul><br><p>Il existe deux types de visières de casque :</p><ul><li>l'écran : devant les yeux, sur le casque intégral et modulable</li><li>la casquette : au niveau du front, sur le casque de moto-cross et jet</li></ul>;;;;;;;;1;2016-03-17;2016-03-17;1;https://www.motogoodeal.ch/img/import/0009097.091_0.jpg;0;Type de casque:Visière:2,Genre:Unisexe:3,Marque:Acerbis:11,Modèle:Impact Evo 06:12,;;;;;;;;;;
80556;1;Visiere De Casque Impact Evo 06 Rouge/Blanc;202;49.07;1;17.1745;;;;;;0009097.110;0009097.110;Freidig;Acerbis;;;;;;;;1;;;;;;Visière de casque ;Visière De Casque Acerbis Impact Evo 06<p>Permet de limiter :</p><ul><li>l'aveuglement des rayons du soleil</li><li>la poussière</li><li>les insectes</li><li>l'humidité</li></ul><br><p>Il existe deux types de visières de casque :</p><ul><li>l'écran : devant les yeux, sur le casque intégral et modulable</li><li>la casquette : au niveau du front, sur le casque de moto-cross et jet</li></ul>;;;;;;;;1;2016-03-17;2016-03-17;1;https://www.motogoodeal.ch/img/import/0009097.110_0.jpg;0;Couleur:Rouge:1,Type de casque:Visière:2,Genre:Unisexe:3,Marque:Acerbis:11,Modèle:Impact Evo 06:12,;;;;;;;;;;
80557;1;Visiere De Casque X-Fiber Poker Jaune;202;41.67;1;26.6688;;;;;;0012967.060;0012967.060;Freidig;Acerbis;;;;;;;;4;;;;;;Visière de casque ;Visière De Casque Acerbis X-Fiber Poker<p>Permet de limiter :</p><ul><li>l'aveuglement des rayons du soleil</li><li>la poussière</li><li>les insectes</li><li>l'humidité</li></ul><br><p>Il existe deux types de visières de casque :</p><ul><li>l'écran : devant les yeux, sur le casque intégral et modulable</li><li>la casquette : au niveau du front, sur le casque de moto-cross et jet</li></ul>;;;;;;;;1;2016-03-17;2016-03-17;1;https://www.motogoodeal.ch/img/import/0012967.060_0.jpg;0;Couleur:Jaune:1,Type de casque:Visière:2,Genre:Unisexe:3,Marque:Acerbis:11,Modèle:X-Fiber Poker:12,;;;;;;;;;;
80558;1;Visiere De Casque X-Fiber Paint Vert;202;41.67;1;26.6688;;;;;;0012967.130;0012967.130;Freidig;Acerbis;;;;;;;;0;;;;;;Visière de casque ;Visière De Casque Acerbis X-Fiber Paint<p>Permet de limiter :</p><ul><li>l'aveuglement des rayons du soleil</li><li>la poussière</li><li>les insectes</li><li>l'humidité</li></ul><br><p>Il existe deux types de visières de casque :</p><ul><li>l'écran : devant les yeux, sur le casque intégral et modulable</li><li>la casquette : au niveau du front, sur le casque de moto-cross et jet</li></ul>;;;;;;;;1;2016-03-17;2016-03-17;1;https://www.motogoodeal.ch/img/import/0012967.130_0.jpg;0;Couleur:Vert:1,Type de casque:Visière:2,Genre:Unisexe:3,Marque:Acerbis:11,Modèle:X-Fiber Paint:12,;;;;;;;;;;
80559;1;Visiere De Casque X-Fiber Ti Blanc/Or;202;41.67;1;26.6688;;;;;;0012967.238;0012967.238;Freidig;Acerbis;;;;;;;;0;;;;;;Visière de casque ;Visière De Casque Acerbis X-Fiber Ti<p>Permet de limiter :</p><ul><li>l'aveuglement des rayons du soleil</li><li>la poussière</li><li>les insectes</li><li>l'humidité</li></ul><br><p>Il existe deux types de visières de casque :</p><ul><li>l'écran : devant les yeux, sur le casque intégral et modulable</li><li>la casquette : au niveau du front, sur le casque de moto-cross et jet</li></ul>;;;;;;;;1;2016-03-17;2016-03-17;1;https://www.motogoodeal.ch/img/import/0012967.238_0.jpg;0;Couleur:Blanc:1,Type de casque:Visière:2,Genre:Unisexe:3,Marque:Acerbis:11,Modèle:X-Fiber Ti:12,;;;;;;;;;;
80560;1;Visiere De Casque Jdp Noir/Or;202;41.67;1;26.6688;;;;;;0012967.322;0012967.322;Freidig;Acerbis;;;;;;;;1;;;;;;Visière de casque ;Visière De Casque Acerbis Jdp<p>Permet de limiter :</p><ul><li>l'aveuglement des rayons du soleil</li><li>la poussière</li><li>les insectes</li><li>l'humidité</li></ul><br><p>Il existe deux types de visières de casque :</p><ul><li>l'écran : devant les yeux, sur le casque intégral et modulable</li><li>la casquette : au niveau du front, sur le casque de moto-cross et jet</li></ul>;;;;;;;;1;2016-03-17;2016-03-17;1;https://www.motogoodeal.ch/img/import/0012967.322_0.jpg;0;Couleur:Noir:1,Type de casque:Visière:2,Genre:Unisexe:3,Marque:Acerbis:11,Modèle:Jdp:12,;;;;;;;;;;
80561;1;Interieur Helmet X-Fiber Inquisitor Size Xs;202;66.67;1;42.6688;;;;;;0012968.237.;0012968.237.;Freidig;Lining;;;;;;;;4;;;;;;;<p>Intérieur casque pour Lining X-Fiber Inquisitor</p>;;;;;;;;1;2016-03-17;2016-03-17;1;https://www.motogoodeal.ch/img/import/0012968.237.061_0.jpg;0;Type de casque:Accessoires:2,Genre:Unisexe:3,Marque:Lining:11,Modèle:X-Fiber:12,;;;;;;;;;;
80562;1;Interieur Helmet X-Fiber Blanc/Or Size Xs;202;66.67;1;42.6688;;;;;;0012968.238.;0012968.238.;Freidig;Lining;;;;;;;;0;;;;;;;<p>Intérieur casque pour Lining X-Fiber</p>;;;;;;;;1;2016-03-17;2016-03-17;1;https://www.motogoodeal.ch/img/import/0012968.238.061_0.jpg;0;Couleur:Blanc:1,Type de casque:Accessoires:2,Genre:Unisexe:3,Marque:Lining:11,Modèle:X-Fiber:12,;;;;;;;;;;
80563;1;Interieur Helmet X-Fiber Noir/Or Size Xs;202;66.67;1;42.6688;;;;;;0012968.322.;0012968.322.;Freidig;Lining;;;;;;;;0;;;;;;;<p>Intérieur casque pour Lining X-Fiber</p>;;;;;;;;1;2016-03-17;2016-03-17;1;https://www.motogoodeal.ch/img/import/0012968.322.061_0.jpg;0;Couleur:Noir:1,Type de casque:Accessoires:2,Genre:Unisexe:3,Marque:Lining:11,Modèle:X-Fiber:12,;;;;;;;;;;
80564;1;Visiere De Casque Impact Gp Orange;202;54.63;1;24.5835;;;;;;0013008.010;0013008.010;Freidig;Acerbis;;;;;;;;2;;;;;;Visière de casque ;Visière De Casque Acerbis Impact Gp Orange<p>Permet de limiter :</p><ul><li>l'aveuglement des rayons du soleil</li><li>la poussière</li><li>les insectes</li><li>l'humidité</li></ul><br><p>Il existe deux types de visières de casque :</p><ul><li>l'écran : devant les yeux, sur le casque intégral et modulable</li><li>la casquette : au niveau du front, sur le casque de moto-cross et jet</li></ul>;;;;;;;;1;2016-03-17;2016-03-17;1;https://www.motogoodeal.ch/img/import/0013008.010_0.jpg;0;Couleur:Orange:1,Type de casque:Visière:2,Genre:Unisexe:3,Marque:Acerbis:11,Modèle:Impact Gp:12,;;;;;;;;;;
80565;1;Visiere De Casque Impact Gp Bleu;202;54.63;1;24.5835;;;;;;0013008.040;0013008.040;Freidig;Acerbis;;;;;;;;3;;;;;;Visière de casque ;Visière De Casque Acerbis Impact Gp Bleu<p>Permet de limiter :</p><ul><li>l'aveuglement des rayons du soleil</li><li>la poussière</li><li>les insectes</li><li>l'humidité</li></ul><br><p>Il existe deux types de visières de casque :</p><ul><li>l'écran : devant les yeux, sur le casque intégral et modulable</li><li>la casquette : au niveau du front, sur le casque de moto-cross et jet</li></ul>;;;;;;;;1;2016-03-17;2016-03-17;1;https://www.motogoodeal.ch/img/import/0013008.040_0.jpg;0;Couleur:Bleu:1,Type de casque:Visière:2,Genre:Unisexe:3,Marque:Acerbis:11,Modèle:Impact Gp:12,;;;;;;;;;;
80566;1;Visiere De Casque Impact Gp Noir;202;54.63;1;24.5835;;;;;;0013008.090;0013008.090;Freidig;Acerbis;;;;;;;;3;;;;;;Visière de casque ;Visière De Casque Acerbis Impact Gp Noir<p>Permet de limiter :</p><ul><li>l'aveuglement des rayons du soleil</li><li>la poussière</li><li>les insectes</li><li>l'humidité</li></ul><br><p>Il existe deux types de visières de casque :</p><ul><li>l'écran : devant les yeux, sur le casque intégral et modulable</li><li>la casquette : au niveau du front, sur le casque de moto-cross et jet</li></ul>;;;;;;;;1;2016-03-17;2016-03-17;1;https://www.motogoodeal.ch/img/import/0013008.090_0.png;0;Couleur:Noir:1,Type de casque:Visière:2,Genre:Unisexe:3,Marque:Acerbis:11,Modèle:Impact Gp:12,;;;;;;;;;;
80567;1;Casque Zeboo Jr. Orange/Vert Taille 050;191;54.63;1;46.4355;;;;;;0013052.213.;0013052.213.;Freidig;;;;;;;;;0;;;;;;Visière de casque ;0<p>Permet de limiter :</p><ul><li>l'aveuglement des rayons du soleil</li><li>la poussière</li><li>les insectes</li><li>l'humidité</li></ul><br><p>Il existe deux types de visières de casque :</p><ul><li>l'écran : devant les yeux, sur le casque intégral et modulable</li><li>la casquette : au niveau du front, sur le casque de moto-cross et jet</li></ul>;;;;;;;;1;2016-03-17;2016-03-17;1;https://www.motogoodeal.ch/img/import/0013052.213.050_0.jpg;0;Couleur:Orange:1,Type de casque:Visière:2,Genre:Enfant:3,;;;;;;;;;;
80568;1;Casque Zeboo Jr. Bleu/Rouge Taille 050;191;54.63;1;46.4355;;;;;;0013052.372.;0013052.372.;Freidig;;;;;;;;;0;;;;;;Visière de casque ;0<p>Permet de limiter :</p><ul><li>l'aveuglement des rayons du soleil</li><li>la poussière</li><li>les insectes</li><li>l'humidité</li></ul><br><p>Il existe deux types de visières de casque :</p><ul><li>l'écran : devant les yeux, sur le casque intégral et modulable</li><li>la casquette : au niveau du front, sur le casque de moto-cross et jet</li></ul>;;;;;;;;1;2016-03-17;2016-03-17;1;https://www.motogoodeal.ch/img/import/0013052.372.050_0.jpg;0;Couleur:Bleu:1,Type de casque:Visière:2,Genre:Enfant:3,;;;;;;;;;;
80569;1;Visiere De Casque On-Way Orange;202;41.67;1;26.6688;;;;;;0013632.010;0013632.010;Freidig;Acerbis;;;;;;;;3;;;;;;Visière de casque ;Visière De Casque Acerbis On-Way Orange<p>Permet de limiter :</p><ul><li>l'aveuglement des rayons du soleil</li><li>la poussière</li><li>les insectes</li><li>l'humidité</li></ul><br><p>Il existe deux types de visières de casque :</p><ul><li>l'écran : devant les yeux, sur le casque intégral et modulable</li><li>la casquette : au niveau du front, sur le casque de moto-cross et jet</li></ul>;;;;;;;;1;2016-03-17;2016-03-17;1;https://www.motogoodeal.ch/img/import/0013632.010_0.jpg;0;Couleur:Orange:1,Type de casque:Visière:2,Genre:Unisexe:3,Marque:Acerbis:11,Modèle:On-Way:12,;;;;;;;;;;
80570;1;Visiere De Casque On-Way Orange;202;41.67;1;26.6688;;;;;;0013632.011;0013632.011;Freidig;Acerbis;;;;;;;;3;;;;;;Visière de casque ;Visière De Casque Acerbis On-Way Orange<p>Permet de limiter :</p><ul><li>l'aveuglement des rayons du soleil</li><li>la poussière</li><li>les insectes</li><li>l'humidité</li></ul><br><p>Il existe deux types de visières de casque :</p><ul><li>l'écran : devant les yeux, sur le casque intégral et modulable</li><li>la casquette : au niveau du front, sur le casque de moto-cross et jet</li></ul>;;;;;;;;1;2016-03-17;2016-03-17;1;https://www.motogoodeal.ch/img/import/0013632.011_0.jpg;0;Couleur:Orange:1,Type de casque:Visière:2,Genre:Unisexe:3,Marque:Acerbis:11,Modèle:On-Way:12,;;;;;;;;;;
80571;1;Visiere De Casque On-Way Blanc;202;41.67;1;26.6688;;;;;;0013632.030;0013632.030;Freidig;Acerbis;;;;;;;;2;;;;;;Visière de casque ;Visière De Casque Acerbis On-Way Blanc<p>Permet de limiter :</p><ul><li>l'aveuglement des rayons du soleil</li><li>la poussière</li><li>les insectes</li><li>l'humidité</li></ul><br><p>Il existe deux types de visières de casque :</p><ul><li>l'écran : devant les yeux, sur le casque intégral et modulable</li><li>la casquette : au niveau du front, sur le casque de moto-cross et jet</li></ul>;;;;;;;;1;2016-03-17;2016-03-17;1;https://www.motogoodeal.ch/img/import/0013632.030_0.jpg;0;Couleur:Blanc:1,Type de casque:Visière:2,Genre:Unisexe:3,Marque:Acerbis:11,Modèle:On-Way:12,;;;;;;;;;;
80572;1;Visiere De Casque On-Way Noir;202;41.67;1;26.6688;;;;;;0013632.090;0013632.090;Freidig;Acerbis;;;;;;;;1;;;;;;Visière de casque ;Visière De Casque Acerbis On-Way Noir<p>Permet de limiter :</p><ul><li>l'aveuglement des rayons du soleil</li><li>la poussière</li><li>les insectes</li><li>l'humidité</li></ul><br><p>Il existe deux types de visières de casque :</p><ul><li>l'écran : devant les yeux, sur le casque intégral et modulable</li><li>la casquette : au niveau du front, sur le casque de moto-cross et jet</li></ul>;;;;;;;;1;2016-03-17;2016-03-17;1;https://www.motogoodeal.ch/img/import/0013632.090_0.jpg;0;Couleur:Noir:1,Type de casque:Visière:2,Genre:Unisexe:3,Marque:Acerbis:11,Modèle:On-Way:12,;;;;;;;;;;
80573;1;Visiere De Casque On-Way Rouge;202;41.67;1;26.6688;;;;;;0013632.110;0013632.110;Freidig;Acerbis;;;;;;;;2;;;;;;Visière de casque ;Visière De Casque Acerbis On-Way Rouge<p>Permet de limiter :</p><ul><li>l'aveuglement des rayons du soleil</li><li>la poussière</li><li>les insectes</li><li>l'humidité</li></ul><br><p>Il existe deux types de visières de casque :</p><ul><li>l'écran : devant les yeux, sur le casque intégral et modulable</li><li>la casquette : au niveau du front, sur le casque de moto-cross et jet</li></ul>;;;;;;;;1;2016-03-17;2016-03-17;1;https://www.motogoodeal.ch/img/import/0013632.110_0.jpg;0;Couleur:Rouge:1,Type de casque:Visière:2,Genre:Unisexe:3,Marque:Acerbis:11,Modèle:On-Way:12,;;;;;;;;;;
80574;1;Visiere De Casque X-Fiber Shaken Ti Noir/Rouge;202;41.67;1;26.6688;;;;;;0013723.090;0013723.090;Freidig;Acerbis;;;;;;;;2;;;;;;Visière de casque ;Visière De Casque Acerbis X-Fiber Noir Et Rouge<p>Permet de limiter :</p><ul><li>l'aveuglement des rayons du soleil</li><li>la poussière</li><li>les insectes</li><li>l'humidité</li></ul><br><p>Il existe deux types de visières de casque :</p><ul><li>l'écran : devant les yeux, sur le casque intégral et modulable</li><li>la casquette : au niveau du front, sur le casque de moto-cross et jet</li></ul>;;;;;;;;1;2016-03-17;2016-03-17;1;https://www.motogoodeal.ch/img/import/0013723.090_0.jpg;0;Couleur:Noir:1,Type de casque:Visière:2,Genre:Unisexe:3,Marque:Acerbis:11,Modèle:X-Fiber Shaken Ti:12,;;;;;;;;;;
80575;1;Visiere De Casque Inquisitor Ti Blanc/Noir;202;41.67;1;26.6688;;;;;;0013725.030;0013725.030;Freidig;Acerbis;;;;;;;;4;;;;;;Visière de casque ;Visière De Casque Acerbis Inquisitor Blanc Et Noir <p>Permet de limiter :</p><ul><li>l'aveuglement des rayons du soleil</li><li>la poussière</li><li>les insectes</li><li>l'humidité</li></ul><br><p>Il existe deux types de visières de casque :</p><ul><li>l'écran : devant les yeux, sur le casque intégral et modulable</li><li>la casquette : au niveau du front, sur le casque de moto-cross et jet</li></ul>;;;;;;;;1;2016-03-17;2016-03-17;1;https://www.motogoodeal.ch/img/import/0013725.030_0.jpg;0;Couleur:Blanc:1,Type de casque:Visière:2,Genre:Unisexe:3,Marque:Acerbis:11,Modèle:Inquisitor Ti:12,;;;;;;;;;;
80576;1;Visiere De Casque On-Way Gambler Blanc;202;41.67;1;26.6688;;;;;;0013919.030;0013919.030;Freidig;Acerbis;;;;;;;;4;;;;;;Visière de casque ;Visière De Casque Acerbis On-Way Gambler Blanc <p>Permet de limiter :</p><ul><li>l'aveuglement des rayons du soleil</li><li>la poussière</li><li>les insectes</li><li>l'humidité</li></ul><br><p>Il existe deux types de visières de casque :</p><ul><li>l'écran : devant les yeux, sur le casque intégral et modulable</li><li>la casquette : au niveau du front, sur le casque de moto-cross et jet</li></ul>;;;;;;;;1;2016-03-17;2016-03-17;1;https://www.motogoodeal.ch/img/import/0013919.030_0.jpg;0;Couleur:Blanc:1,Type de casque:Visière:2,Genre:Unisexe:3,Marque:Acerbis:11,Modèle:On-Way Gambler:12,;;;;;;;;;;
80577;1;Visiere De Casque On-Way Condor Bleu;202;41.67;1;26.6688;;;;;;0013920.040;0013920.040;Freidig;Acerbis;;;;;;;;4;;;;;;Visière de casque ;Visière De Casque Acerbis On-Way Condir Bleu<p>Permet de limiter :</p><ul><li>l'aveuglement des rayons du soleil</li><li>la poussière</li><li>les insectes</li><li>l'humidité</li></ul><br><p>Il existe deux types de visières de casque :</p><ul><li>l'écran : devant les yeux, sur le casque intégral et modulable</li><li>la casquette : au niveau du front, sur le casque de moto-cross et jet</li></ul>;;;;;;;;1;2016-03-17;2016-03-17;1;https://www.motogoodeal.ch/img/import/0013920.040_0.jpg;0;Couleur:Bleu:1,Type de casque:Visière:2,Genre:Unisexe:3,Marque:Acerbis:11,Modèle:On-Way Condor:12,;;;;;;;;;;
80578;1;Visiere De Casque Graffex Junior;202;41.67;1;26.6688;;;;;;0015636.110;0015636.110;Freidig;Acerbis;;;;;;;;4;;;;;;Visière de casque ;Visière De Casque Acerbis Graffex Pour Enfant <p>Permet de limiter :</p><ul><li>l'aveuglement des rayons du soleil</li><li>la poussière</li><li>les insectes</li><li>l'humidité</li></ul><br><p>Il existe deux types de visières de casque :</p><ul><li>l'écran : devant les yeux, sur le casque intégral et modulable</li><li>la casquette : au niveau du front, sur le casque de moto-cross et jet</li></ul>;;;;;;;;1;2016-03-17;2016-03-17;1;https://www.motogoodeal.ch/img/import/0015636.110_0.jpg;0;Couleur:Blanc:1,Type de casque:Visière:2,Genre:Enfant:3,Marque:Acerbis:11,Modèle:Graffex Junior:12,;;;;;;;;;;
80579;1;Visiere De Casque Master Burner Junior;202;41.67;1;26.6688;;;;;;0015636.313;0015636.313;Freidig;Acerbis;;;;;;;;2;;;;;;Visière de casque ;Visière De Casque Acerbis Master Pour Enfant <p>Permet de limiter :</p><ul><li>l'aveuglement des rayons du soleil</li><li>la poussière</li><li>les insectes</li><li>l'humidité</li></ul><br><p>Il existe deux types de visières de casque :</p><ul><li>l'écran : devant les yeux, sur le casque intégral et modulable</li><li>la casquette : au niveau du front, sur le casque de moto-cross et jet</li></ul>;;;;;;;;1;2016-03-17;2016-03-17;1;https://www.motogoodeal.ch/img/import/0015636.313_0.jpg,https://www.motogoodeal.ch/img/import/0015636.313_1.jpg;0;Couleur:Blanc:1,Type de casque:Visière:2,Genre:Enfant:3,Marque:Acerbis:11,Modèle:Master Burner Junior:12,;;;;;;;;;;
80580;1;Interieur Acerbis Casque;202;76.85;1;26.8975;;;;;;0015844.090.;0015844.090.;Freidig;Acerbis;;;;;;;;0;;;;;;;<p>Intérieur casque pour Acerbis</p>;;;;;;;;1;2016-03-17;2016-03-17;1;0015844.090.jpg;0;Type de casque:Accessoires:2,Genre:Unisexe:3,Marque:Acerbis:11,;;;;;;;;;;
80581;1;Visiere De Casque Fiber Full White;202;49.07;1;31.4048;;;;;;0015906.030;0015906.030;Freidig;Acerbis;;;;;;;;4;;;;;;Visière de casque ;Visière De Casque Acerbis Fiber Blanc <p>Permet de limiter :</p><ul><li>l'aveuglement des rayons du soleil</li><li>la poussière</li><li>les insectes</li><li>l'humidité</li></ul><br><p>Il existe deux types de visières de casque :</p><ul><li>l'écran : devant les yeux, sur le casque intégral et modulable</li><li>la casquette : au niveau du front, sur le casque de moto-cross et jet</li></ul>;;;;;;;;1;2016-03-17;2016-03-17;1;https://www.motogoodeal.ch/img/import/0015906.030_0.jpg,https://www.motogoodeal.ch/img/import/0015906.030_1.jpg;0;Couleur:Blanc:1,Type de casque:Visière:2,Genre:Unisexe:3,Marque:Acerbis:11,Modèle:Fiber:12,;;;;;;;;;;
80582;1;Visiere De Casque Fiber Strip;202;49.07;1;31.4048;;;;;;0015906.237;0015906.237;Freidig;Acerbis;;;;;;;;3;;;;;;Visière de casque ;Visière De Casque Acerbis Fiber<p>Permet de limiter :</p><ul><li>l'aveuglement des rayons du soleil</li><li>la poussière</li><li>les insectes</li><li>l'humidité</li></ul><br><p>Il existe deux types de visières de casque :</p><ul><li>l'écran : devant les yeux, sur le casque intégral et modulable</li><li>la casquette : au niveau du front, sur le casque de moto-cross et jet</li></ul>;;;;;;;;1;2016-03-17;2016-03-17;1;https://www.motogoodeal.ch/img/import/0015906.237_0.jpg;0;Couleur:Blanc:1,Type de casque:Visière:2,Genre:Unisexe:3,Marque:Acerbis:11,Modèle:Fiber:12,;;;;;;;;;;
80583;1;Visiere De Casque Fiber Ghegna;202;49.07;1;31.4048;;;;;;0015906.239;0015906.239;Freidig;Acerbis;;;;;;;;4;;;;;;Visière de casque ;Visière De Casque Acerbis Fiber<p>Permet de limiter :</p><ul><li>l'aveuglement des rayons du soleil</li><li>la poussière</li><li>les insectes</li><li>l'humidité</li></ul><br><p>Il existe deux types de visières de casque :</p><ul><li>l'écran : devant les yeux, sur le casque intégral et modulable</li><li>la casquette : au niveau du front, sur le casque de moto-cross et jet</li></ul>;;;;;;;;1;2016-03-17;2016-03-17;1;https://www.motogoodeal.ch/img/import/0015906.239_0.jpg;0;Couleur:Blanc:1,Type de casque:Visière:2,Genre:Unisexe:3,Marque:Acerbis:11,Modèle:Fiber:12,;;;;;;;;;;
80584;1;Visiere De Casque Fiber Gang;202;49.07;1;31.4048;;;;;;0015906.323;0015906.323;Freidig;Acerbis;;;;;;;;0;;;;;;Visière de casque ;Visière De Casque Acerbis Fiber<p>Permet de limiter :</p><ul><li>l'aveuglement des rayons du soleil</li><li>la poussière</li><li>les insectes</li><li>l'humidité</li></ul><br><p>Il existe deux types de visières de casque :</p><ul><li>l'écran : devant les yeux, sur le casque intégral et modulable</li><li>la casquette : au niveau du front, sur le casque de moto-cross et jet</li></ul>;;;;;;;;1;2016-03-17;2016-03-17;1;https://www.motogoodeal.ch/img/import/0015906.323_0.jpg;0;Couleur:Rouge:1,Type de casque:Visière:2,Genre:Unisexe:3,Marque:Acerbis:11,Modèle:Fiber:12,;;;;;;;;;;
80585;1;Visiere De Casque Fiber Atomik;202;41.67;1;26.6688;;;;;;0016398.010;0016398.010;Freidig;Acerbis;;;;;;;;0;;;;;;Visière de casque ;Visière De Casque Acerbis Fiber Atomik<p>Permet de limiter :</p><ul><li>l'aveuglement des rayons du soleil</li><li>la poussière</li><li>les insectes</li><li>l'humidité</li></ul><br><p>Il existe deux types de visières de casque :</p><ul><li>l'écran : devant les yeux, sur le casque intégral et modulable</li><li>la casquette : au niveau du front, sur le casque de moto-cross et jet</li></ul>;;;;;;;;1;2016-03-17;2016-03-17;1;https://www.motogoodeal.ch/img/import/0016398.010_0.jpg;0;Couleur:Orange:1,Type de casque:Visière:2,Genre:Unisexe:3,Marque:Acerbis:11,Modèle:Fiber:12,;;;;;;;;;;
80586;1;Visiere De Casque Fiber Atomik;202;41.67;1;26.6688;;;;;;0016398.040;0016398.040;Freidig;Acerbis;;;;;;;;0;;;;;;Visière de casque ;Visière De Casque Acerbis Fiber Atomik<p>Permet de limiter :</p><ul><li>l'aveuglement des rayons du soleil</li><li>la poussière</li><li>les insectes</li><li>l'humidité</li></ul><br><p>Il existe deux types de visières de casque :</p><ul><li>l'écran : devant les yeux, sur le casque intégral et modulable</li><li>la casquette : au niveau du front, sur le casque de moto-cross et jet</li></ul>;;;;;;;;1;2016-03-17;2016-03-17;1;https://www.motogoodeal.ch/img/import/0016398.040_0.jpg;0;Couleur:Bleu:1,Type de casque:Visière:2,Genre:Unisexe:3,Marque:Acerbis:11,Modèle:Fiber:12,;;;;;;;;;;
80587;1;Visiere De Casque Fiber Atomik;202;41.67;1;26.6688;;;;;;0016398.090;0016398.090;Freidig;Acerbis;;;;;;;;0;;;;;;Visière de casque ;Visière De Casque Acerbis Fiber Atomik<p>Permet de limiter :</p><ul><li>l'aveuglement des rayons du soleil</li><li>la poussière</li><li>les insectes</li><li>l'humidité</li></ul><br><p>Il existe deux types de visières de casque :</p><ul><li>l'écran : devant les yeux, sur le casque intégral et modulable</li><li>la casquette : au niveau du front, sur le casque de moto-cross et jet</li></ul>;;;;;;;;1;2016-03-17;2016-03-17;1;https://www.motogoodeal.ch/img/import/0016398.090_0.jpg;0;Couleur:Noir:1,Type de casque:Visière:2,Genre:Unisexe:3,Marque:Acerbis:11,Modèle:Fiber:12,;;;;;;;;;;
80588;1;Visiere De Casque Profile Revolution;202;41.67;1;26.6688;;;;;;0016819.130;0016819.130;Freidig;Acerbis;;;;;;;;1;;;;;;Visière de casque ;Visière De Casque Acerbis Profile Révolution<p>Permet de limiter :</p><ul><li>l'aveuglement des rayons du soleil</li><li>la poussière</li><li>les insectes</li><li>l'humidité</li></ul><br><p>Il existe deux types de visières de casque :</p><ul><li>l'écran : devant les yeux, sur le casque intégral et modulable</li><li>la casquette : au niveau du front, sur le casque de moto-cross et jet</li></ul>;;;;;;;;1;2016-03-17;2016-03-17;1;https://www.motogoodeal.ch/img/import/0016819.130_0.jpg;0;Type de casque:Visière:2,Genre:Unisexe:3,Marque:Acerbis:11,Modèle:Profile:12,;;;;;;;;;;
80589;1;Visiere De Casque Profile Fanatic;202;41.67;1;26.6688;;;;;;0016819.248;0016819.248;Freidig;Acerbis;;;;;;;;1;;;;;;Visière de casque ;Visière De Casque Acerbis Profile Fanatic<p>Permet de limiter :</p><ul><li>l'aveuglement des rayons du soleil</li><li>la poussière</li><li>les insectes</li><li>l'humidité</li></ul><br><p>Il existe deux types de visières de casque :</p><ul><li>l'écran : devant les yeux, sur le casque intégral et modulable</li><li>la casquette : au niveau du front, sur le casque de moto-cross et jet</li></ul>;;;;;;;;1;2016-03-17;2016-03-17;1;https://www.motogoodeal.ch/img/import/0016819.248_0.jpg;0;Type de casque:Visière:2,Genre:Unisexe:3,Marque:Acerbis:11,Modèle:Profile:12,;;;;;;;;;;
80590;1;Visiere De Casque X-Pro Orange;202;41.67;1;26.6688;;;;;;0016829.010;0016829.010;Freidig;Acerbis;;;;;;;;1;;;;;;Visière de casque ;Visière De Casque Acerbis X-Pro Orange<p>Permet de limiter :</p><ul><li>l'aveuglement des rayons du soleil</li><li>la poussière</li><li>les insectes</li><li>l'humidité</li></ul><br><p>Il existe deux types de visières de casque :</p><ul><li>l'écran : devant les yeux, sur le casque intégral et modulable</li><li>la casquette : au niveau du front, sur le casque de moto-cross et jet</li></ul>;;;;;;;;1;2016-03-17;2016-03-17;1;https://www.motogoodeal.ch/img/import/0016829.010_0.jpg;0;Couleur:Orange:1,Type de casque:Visière:2,Genre:Unisexe:3,Marque:Acerbis:11,Modèle:X-Pro:12,;;;;;;;;;;
80591;1;Visiere De Casque X-Pro Full White;202;41.67;1;26.6688;;;;;;0016829.030;0016829.030;Freidig;Acerbis;;;;;;;;1;;;;;;Visière de casque ;Visière De Casque Acerbis X-Pro Blanc<p>Permet de limiter :</p><ul><li>l'aveuglement des rayons du soleil</li><li>la poussière</li><li>les insectes</li><li>l'humidité</li></ul><br><p>Il existe deux types de visières de casque :</p><ul><li>l'écran : devant les yeux, sur le casque intégral et modulable</li><li>la casquette : au niveau du front, sur le casque de moto-cross et jet</li></ul>;;;;;;;;1;2016-03-17;2016-03-17;1;https://www.motogoodeal.ch/img/import/0016829.030_0.jpg;0;Couleur:Blanc:1,Type de casque:Visière:2,Genre:Unisexe:3,Marque:Acerbis:11,Modèle:X-Pro:12,;;;;;;;;;;
80592;1;Visiere De Casque X-Pro Blue;202;41.67;1;26.6688;;;;;;0016829.040;0016829.040;Freidig;Acerbis;;;;;;;;1;;;;;;Visière de casque ;Visière De Casque Acerbis X-Pro Bleu <p>Permet de limiter :</p><ul><li>l'aveuglement des rayons du soleil</li><li>la poussière</li><li>les insectes</li><li>l'humidité</li></ul><br><p>Il existe deux types de visières de casque :</p><ul><li>l'écran : devant les yeux, sur le casque intégral et modulable</li><li>la casquette : au niveau du front, sur le casque de moto-cross et jet</li></ul>;;;;;;;;1;2016-03-17;2016-03-17;1;https://www.motogoodeal.ch/img/import/0016829.040_0.jpg;0;Couleur:Bleu:1,Type de casque:Visière:2,Genre:Unisexe:3,Marque:Acerbis:11,Modèle:X-Pro:12,;;;;;;;;;;
80593;1;Visiere De Casque X-Pro Fluo;202;41.67;1;26.6688;;;;;;0016829.206;0016829.206;Freidig;Acerbis;;;;;;;;1;;;;;;Visière de casque ;Visière De Casque Acerbis X-Pro Fluo<p>Permet de limiter :</p><ul><li>l'aveuglement des rayons du soleil</li><li>la poussière</li><li>les insectes</li><li>l'humidité</li></ul><br><p>Il existe deux types de visières de casque :</p><ul><li>l'écran : devant les yeux, sur le casque intégral et modulable</li><li>la casquette : au niveau du front, sur le casque de moto-cross et jet</li></ul>;;;;;;;;1;2016-03-17;2016-03-17;1;https://www.motogoodeal.ch/img/import/0016829.206_0.jpg;0;Couleur:Fluo:1,Type de casque:Visière:2,Genre:Unisexe:3,Marque:Acerbis:11,Modèle:X-Pro:12,;;;;;;;;;;
80594;1;Visiere De Casque X-Pro White/Black;202;41.67;1;26.6688;;;;;;0016829.237;0016829.237;Freidig;Acerbis;;;;;;;;2;;;;;;Visière de casque ;Visière De Casque Acerbis X-Pro Blanc Et Noir<p>Permet de limiter :</p><ul><li>l'aveuglement des rayons du soleil</li><li>la poussière</li><li>les insectes</li><li>l'humidité</li></ul><br><p>Il existe deux types de visières de casque :</p><ul><li>l'écran : devant les yeux, sur le casque intégral et modulable</li><li>la casquette : au niveau du front, sur le casque de moto-cross et jet</li></ul>;;;;;;;;1;2016-03-17;2016-03-17;1;https://www.motogoodeal.ch/img/import/0016829.237_0.jpg;0;Couleur:Blanc:1,Type de casque:Visière:2,Genre:Unisexe:3,Marque:Acerbis:11,Modèle:X-Pro:12,;;;;;;;;;;
80595;1;Visiere De Casque X-Pro Brush;202;41.67;1;26.6688;;;;;;0016829.248;0016829.248;Freidig;Acerbis;;;;;;;;3;;;;;;Visière de casque ;Visière De Casque Acerbis X-Pro Brush<p>Permet de limiter :</p><ul><li>l'aveuglement des rayons du soleil</li><li>la poussière</li><li>les insectes</li><li>l'humidité</li></ul><br><p>Il existe deux types de visières de casque :</p><ul><li>l'écran : devant les yeux, sur le casque intégral et modulable</li><li>la casquette : au niveau du front, sur le casque de moto-cross et jet</li></ul>;;;;;;;;1;2016-03-17;2016-03-17;1;https://www.motogoodeal.ch/img/import/0016829.248_0.jpg;0;Type de casque:Visière:2,Genre:Unisexe:3,Marque:Acerbis:11,Modèle:X-Pro:12,;;;;;;;;;;
80596;1;Visiere De Casque X-Pro Savatage;202;41.67;1;26.6688;;;;;;0016829.344;0016829.344;Freidig;Acerbis;;;;;;;;3;;;;;;Visière de casque ;Visière De Casque Acerbis Profile Savatage<p>Permet de limiter :</p><ul><li>l'aveuglement des rayons du soleil</li><li>la poussière</li><li>les insectes</li><li>l'humidité</li></ul><br><p>Il existe deux types de visières de casque :</p><ul><li>l'écran : devant les yeux, sur le casque intégral et modulable</li><li>la casquette : au niveau du front, sur le casque de moto-cross et jet</li></ul>;;;;;;;;1;2016-03-17;2016-03-17;1;https://www.motogoodeal.ch/img/import/0016829.344_0.jpg;0;Type de casque:Visière:2,Genre:Unisexe:3,Marque:Acerbis:11,Modèle:X-Pro:12,;;;;;;;;;;
80597;1;Visiere De Casque Profile Basic;202;41.67;1;26.6688;;;;;;0016919.030;0016919.030;Freidig;Acerbis;;;;;;;;2;;;;;;Visière de casque ;Visière De Casque Acerbis Profile Basic<p>Permet de limiter :</p><ul><li>l'aveuglement des rayons du soleil</li><li>la poussière</li><li>les insectes</li><li>l'humidité</li></ul><br><p>Il existe deux types de visières de casque :</p><ul><li>l'écran : devant les yeux, sur le casque intégral et modulable</li><li>la casquette : au niveau du front, sur le casque de moto-cross et jet</li></ul>;;;;;;;;1;2016-03-17;2016-03-17;1;https://www.motogoodeal.ch/img/import/0016919.030_0.jpg;0;Type de casque:Visière:2,Genre:Unisexe:3,Marque:Acerbis:11,Modèle:Profile Basic:12,;;;;;;;;;;
80598;1;Visiere De Casque Fiber Orange;202;45.37;1;29.0368;;;;;;0017107.010;0017107.010;Freidig;Acerbis;;;;;;;;1;;;;;;Visière de casque ;Visière De Casque Acerbis Fiber Orange<p>Permet de limiter :</p><ul><li>l'aveuglement des rayons du soleil</li><li>la poussière</li><li>les insectes</li><li>l'humidité</li></ul><br><p>Il existe deux types de visières de casque :</p><ul><li>l'écran : devant les yeux, sur le casque intégral et modulable</li><li>la casquette : au niveau du front, sur le casque de moto-cross et jet</li></ul>;;;;;;;;1;2016-03-17;2016-03-17;1;https://www.motogoodeal.ch/img/import/0017107.010_0.jpg;0;Couleur:Orange:1,Type de casque:Visière:2,Genre:Unisexe:3,Marque:Acerbis:11,Modèle:Fiber:12,;;;;;;;;;;
80599;1;Visiere De Casque Fiber Blue;202;45.37;1;29.0368;;;;;;0017107.040;0017107.040;Freidig;Acerbis;;;;;;;;0;;;;;;Visière de casque ;Visière De Casque Acerbis Fiber Bleu<p>Permet de limiter :</p><ul><li>l'aveuglement des rayons du soleil</li><li>la poussière</li><li>les insectes</li><li>l'humidité</li></ul><br><p>Il existe deux types de visières de casque :</p><ul><li>l'écran : devant les yeux, sur le casque intégral et modulable</li><li>la casquette : au niveau du front, sur le casque de moto-cross et jet</li></ul>;;;;;;;;1;2016-03-17;2016-03-17;1;https://www.motogoodeal.ch/img/import/0017107.040_0.jpg;0;Couleur:Bleu:1,Type de casque:Visière:2,Genre:Unisexe:3,Marque:Acerbis:11,Modèle:Fiber:12,;;;;;;;;;;
80600;1;Visiere De Casque Fiber Black;202;45.37;1;29.0368;;;;;;0017107.090;0017107.090;Freidig;Acerbis;;;;;;;;1;;;;;;Visière de casque ;Visière De Casque Acerbis Fiber Noir<p>Permet de limiter :</p><ul><li>l'aveuglement des rayons du soleil</li><li>la poussière</li><li>les insectes</li><li>l'humidité</li></ul><br><p>Il existe deux types de visières de casque :</p><ul><li>l'écran : devant les yeux, sur le casque intégral et modulable</li><li>la casquette : au niveau du front, sur le casque de moto-cross et jet</li></ul>;;;;;;;;1;2016-03-17;2016-03-17;1;https://www.motogoodeal.ch/img/import/0017107.090_0.jpg;0;Couleur:Noir:1,Type de casque:Visière:2,Genre:Unisexe:3,Marque:Acerbis:11,Modèle:Fiber:12,;;;;;;;;;;
80601;1;Visiere De Casque Fiber Red;202;45.37;1;29.0368;;;;;;0017107.110;0017107.110;Freidig;Acerbis;;;;;;;;2;;;;;;Visière de casque ;Visière De Casque Acerbis Fiber Rouge<p>Permet de limiter :</p><ul><li>l'aveuglement des rayons du soleil</li><li>la poussière</li><li>les insectes</li><li>l'humidité</li></ul><br><p>Il existe deux types de visières de casque :</p><ul><li>l'écran : devant les yeux, sur le casque intégral et modulable</li><li>la casquette : au niveau du front, sur le casque de moto-cross et jet</li></ul>;;;;;;;;1;2016-03-17;2016-03-17;1;https://www.motogoodeal.ch/img/import/0017107.110_0.jpg;0;Couleur:Rouge:1,Type de casque:Visière:2,Genre:Unisexe:3,Marque:Acerbis:11,Modèle:Fiber:12,;;;;;;;;;;
80602;1;Visiere De Casque Fiber Full White;202;45.37;1;29.0368;;;;;;0017108.030;0017108.030;Freidig;Acerbis;;;;;;;;2;;;;;;Visière de casque ;Visière De Casque Acerbis Fiber Blanc<p>Permet de limiter :</p><ul><li>l'aveuglement des rayons du soleil</li><li>la poussière</li><li>les insectes</li><li>l'humidité</li></ul><br><p>Il existe deux types de visières de casque :</p><ul><li>l'écran : devant les yeux, sur le casque intégral et modulable</li><li>la casquette : au niveau du front, sur le casque de moto-cross et jet</li></ul>;;;;;;;;1;2016-03-17;2016-03-17;1;https://www.motogoodeal.ch/img/import/0017108.030_0.jpg;0;Couleur:Blanc:1,Type de casque:Visière:2,Genre:Unisexe:3,Marque:Acerbis:11,Modèle:Fiber:12,;;;;;;;;;;
80603;1;Visiere De Casque Fiber Rave;202;45.37;1;29.0368;;;;;;0017109.248;0017109.248;Freidig;Acerbis;;;;;;;;2;;;;;;Visière de casque ;Visière De Casque Acerbis Fiber Rave<p>Permet de limiter :</p><ul><li>l'aveuglement des rayons du soleil</li><li>la poussière</li><li>les insectes</li><li>l'humidité</li></ul><br><p>Il existe deux types de visières de casque :</p><ul><li>l'écran : devant les yeux, sur le casque intégral et modulable</li><li>la casquette : au niveau du front, sur le casque de moto-cross et jet</li></ul>;;;;;;;;1;2016-03-17;2016-03-17;1;https://www.motogoodeal.ch/img/import/0017109.248_0.jpg;0;Type de casque:Visière:2,Genre:Unisexe:3,Marque:Acerbis:11,Modèle:Fiber:12,;;;;;;;;;;
80604;1;Visiere De Casque Fiber All Stars;202;45.37;1;29.0368;;;;;;0017110.239;0017110.239;Freidig;Acerbis;;;;;;;;0;;;;;;Visière de casque ;Visière De Casque Acerbis Fiber All Stars<p>Permet de limiter :</p><ul><li>l'aveuglement des rayons du soleil</li><li>la poussière</li><li>les insectes</li><li>l'humidité</li></ul><br><p>Il existe deux types de visières de casque :</p><ul><li>l'écran : devant les yeux, sur le casque intégral et modulable</li><li>la casquette : au niveau du front, sur le casque de moto-cross et jet</li></ul>;;;;;;;;1;2016-03-17;2016-03-17;1;https://www.motogoodeal.ch/img/import/0017110.239_0.jpg;0;Type de casque:Visière:2,Genre:Unisexe:3,Marque:Acerbis:11,Modèle:Fiber:12,;;;;;;;;;;
80605;1;Interieur Helmet Impact;202;66.67;1;42.6688;;;;;;0017112.319.;0017112.319.;Freidig;Lining;;;;;;;;0;;;;;;;<p>Intérieur casque pour Helmet</p>;;;;;;;;1;2016-03-17;2016-03-17;1;https://www.motogoodeal.ch/img/import/0017112.319._0.jpg;0;Type de casque:Accessoires:2,Genre:Unisexe:3,Marque:Lining:11,Modèle:Impact:12,;;;;;;;;;;
80606;1;Visiere De Casque Impact Wishmaster;202;45.37;1;29.0368;;;;;;0017659.206;0017659.206;Freidig;Acerbis;;;;;;;;0;;;;;;Visière de casque ;Visiere De Casque Acerbis Impact Wishmaster<p>Permet de limiter :</p><ul><li>l'aveuglement des rayons du soleil</li><li>la poussière</li><li>les insectes</li><li>l'humidité</li></ul><br><p>Il existe deux types de visières de casque :</p><ul><li>l'écran : devant les yeux, sur le casque intégral et modulable</li><li>la casquette : au niveau du front, sur le casque de moto-cross et jet</li></ul>;;;;;;;;1;2016-03-17;2016-03-17;1;https://www.motogoodeal.ch/img/import/0017659.206_0.jpg;0;Couleur:Rouge:1,Type de casque:Visière:2,Genre:Unisexe:3,Marque:Acerbis:11,Modèle:Impact Wishmaster:12,;;;;;;;;;;
80607;1;Visiere De Casque Impact Razorblade;202;45.37;1;29.0368;;;;;;0017661.274;0017661.274;Freidig;Acerbis;;;;;;;;2;;;;;;Visière de casque ;Visiere De Casque Acerbis Impact Razorblade<p>Permet de limiter :</p><ul><li>l'aveuglement des rayons du soleil</li><li>la poussière</li><li>les insectes</li><li>l'humidité</li></ul><br><p>Il existe deux types de visières de casque :</p><ul><li>l'écran : devant les yeux, sur le casque intégral et modulable</li><li>la casquette : au niveau du front, sur le casque de moto-cross et jet</li></ul>;;;;;;;;1;2016-03-17;2016-03-17;1;https://www.motogoodeal.ch/img/import/0017661.274_0.jpg;0;Type de casque:Visière:2,Genre:Unisexe:3,Marque:Acerbis:11,Modèle:Impact Razorblade:12,;;;;;;;;;;
80608;1;Visiere De Casque X-Pro Ulver;202;45.37;1;29.0368;;;;;;0017710.204;0017710.204;Freidig;Acerbis;;;;;;;;1;;;;;;Visière de casque ;Visiere De Casque Acerbis X-Pro Ulver<p>Permet de limiter :</p><ul><li>l'aveuglement des rayons du soleil</li><li>la poussière</li><li>les insectes</li><li>l'humidité</li></ul><br><p>Il existe deux types de visières de casque :</p><ul><li>l'écran : devant les yeux, sur le casque intégral et modulable</li><li>la casquette : au niveau du front, sur le casque de moto-cross et jet</li></ul>;;;;;;;;1;2016-03-17;2016-03-17;1;https://www.motogoodeal.ch/img/import/0017710.204_0.jpg;0;Type de casque:Visière:2,Genre:Unisexe:3,Marque:Acerbis:11,Modèle:X-Pro Ulver:12,;;;;;;;;;;
80609;1;Visiere De Casque X-Pro Werewolf;202;45.37;1;29.0368;;;;;;0017710.206;0017710.206;Freidig;Acerbis;;;;;;;;1;;;;;;Visière de casque ;Visiere De Casque Acerbis X-Pro Werewolf<p>Permet de limiter :</p><ul><li>l'aveuglement des rayons du soleil</li><li>la poussière</li><li>les insectes</li><li>l'humidité</li></ul><br><p>Il existe deux types de visières de casque :</p><ul><li>l'écran : devant les yeux, sur le casque intégral et modulable</li><li>la casquette : au niveau du front, sur le casque de moto-cross et jet</li></ul>;;;;;;;;1;2016-03-17;2016-03-17;1;https://www.motogoodeal.ch/img/import/0017710.206_0.jpg;0;Type de casque:Visière:2,Genre:Unisexe:3,Marque:Acerbis:11,Modèle:X-Pro Werewolf:12,;;;;;;;;;;
80610;1;Visiere De Casque X-Pro Kraken;202;45.37;1;29.0368;;;;;;0017710.248;0017710.248;Freidig;Acerbis;;;;;;;;1;;;;;;Visière de casque ;Visiere De Casque Acerbis X-Pro Kraken<p>Permet de limiter :</p><ul><li>l'aveuglement des rayons du soleil</li><li>la poussière</li><li>les insectes</li><li>l'humidité</li></ul><br><p>Il existe deux types de visières de casque :</p><ul><li>l'écran : devant les yeux, sur le casque intégral et modulable</li><li>la casquette : au niveau du front, sur le casque de moto-cross et jet</li></ul>;;;;;;;;1;2016-03-17;2016-03-17;1;https://www.motogoodeal.ch/img/import/0017710.248_0.jpg;0;Type de casque:Visière:2,Genre:Unisexe:3,Marque:Acerbis:11,Modèle:X-Pro Kraken:12,;;;;;;;;;;
80611;1;Visiere De Casque Impact;202;45.37;1;29.0368;;;;;;0021595.010;0021595.010;Freidig;Acerbis;;;;;;;;0;;;;;;Visière de casque ;Visiere De Casque Acerbis Impact<p>Permet de limiter :</p><ul><li>l'aveuglement des rayons du soleil</li><li>la poussière</li><li>les insectes</li><li>l'humidité</li></ul><br><p>Il existe deux types de visières de casque :</p><ul><li>l'écran : devant les yeux, sur le casque intégral et modulable</li><li>la casquette : au niveau du front, sur le casque de moto-cross et jet</li></ul>;;;;;;;;1;2016-03-17;2016-03-17;1;https://www.motogoodeal.ch/img/import/0021595.010_0.jpg;0;Couleur:Orange:1,Type de casque:Visière:2,Genre:Unisexe:3,Marque:Acerbis:11,Modèle:Impact:12,;;;;;;;;;;
80612;1;Visiere De Casque Carbon;202;45.37;1;29.0368;;;;;;0021595.070;0021595.070;Freidig;Acerbis;;;;;;;;1;;;;;;Visière de casque ;Visiere De Casque Acerbis Carbon<p>Permet de limiter :</p><ul><li>l'aveuglement des rayons du soleil</li><li>la poussière</li><li>les insectes</li><li>l'humidité</li></ul><br><p>Il existe deux types de visières de casque :</p><ul><li>l'écran : devant les yeux, sur le casque intégral et modulable</li><li>la casquette : au niveau du front, sur le casque de moto-cross et jet</li></ul>;;;;;;;;1;2016-03-17;2016-03-17;1;https://www.motogoodeal.ch/img/import/0021595.070_0.jpg;0;Couleur:Gris:1,Type de casque:Visière:2,Genre:Unisexe:3,Coque:Carbone:4,Marque:Acerbis:11,Modèle:Carbon:12,;;;;;;;;;;
80613;1;Visiere De Casque Impact;202;45.37;1;29.0368;;;;;;0021595.090;0021595.090;Freidig;Acerbis;;;;;;;;2;;;;;;Visière de casque ;Visiere De Casque Acerbis Impact<p>Permet de limiter :</p><ul><li>l'aveuglement des rayons du soleil</li><li>la poussière</li><li>les insectes</li><li>l'humidité</li></ul><br><p>Il existe deux types de visières de casque :</p><ul><li>l'écran : devant les yeux, sur le casque intégral et modulable</li><li>la casquette : au niveau du front, sur le casque de moto-cross et jet</li></ul>;;;;;;;;1;2016-03-17;2016-03-17;1;https://www.motogoodeal.ch/img/import/0021595.090_0.jpg;0;Couleur:Noir:1,Type de casque:Visière:2,Genre:Unisexe:3,Marque:Acerbis:11,Modèle:Impact:12,;;;;;;;;;;
80614;1;Visiere De Casque;202;45.37;1;29.0368;;;;;;0021595.091;0021595.091;Freidig;Acerbis;;;;;;;;0;;;;;;Visière de casque ;Visiere De Casque Acerbis <p>Permet de limiter :</p><ul><li>l'aveuglement des rayons du soleil</li><li>la poussière</li><li>les insectes</li><li>l'humidité</li></ul><br><p>Il existe deux types de visières de casque :</p><ul><li>l'écran : devant les yeux, sur le casque intégral et modulable</li><li>la casquette : au niveau du front, sur le casque de moto-cross et jet</li></ul>;;;;;;;;1;2016-03-17;2016-03-17;1;0021595.091.jpg;0;Couleur:Noir:1,Type de casque:Visière:2,Genre:Unisexe:3,Marque:Acerbis:11,;;;;;;;;;;
80615;1;Visiere De Casque Impact;202;45.37;1;29.0368;;;;;;0021595.110;0021595.110;Freidig;Acerbis;;;;;;;;0;;;;;;Visière de casque ;Visiere De Casque Acerbis Impact<p>Permet de limiter :</p><ul><li>l'aveuglement des rayons du soleil</li><li>la poussière</li><li>les insectes</li><li>l'humidité</li></ul><br><p>Il existe deux types de visières de casque :</p><ul><li>l'écran : devant les yeux, sur le casque intégral et modulable</li><li>la casquette : au niveau du front, sur le casque de moto-cross et jet</li></ul>;;;;;;;;1;2016-03-17;2016-03-17;1;https://www.motogoodeal.ch/img/import/0021595.110_0.jpg;0;Couleur:Rouge:1,Type de casque:Visière:2,Genre:Unisexe:3,Marque:Acerbis:11,Modèle:Impact:12,;;;;;;;;;;
80616;1;Visiere De Casque Impact;202;45.37;1;29.0368;;;;;;0021595.274;0021595.274;Freidig;Acerbis;;;;;;;;1;;;;;;Visière de casque ;Visiere De Casque Acerbis Impact<p>Permet de limiter :</p><ul><li>l'aveuglement des rayons du soleil</li><li>la poussière</li><li>les insectes</li><li>l'humidité</li></ul><br><p>Il existe deux types de visières de casque :</p><ul><li>l'écran : devant les yeux, sur le casque intégral et modulable</li><li>la casquette : au niveau du front, sur le casque de moto-cross et jet</li></ul>;;;;;;;;1;2016-03-17;2016-03-17;1;https://www.motogoodeal.ch/img/import/0021595.274_0.jpg;0;Couleur:Jaune:1,Type de casque:Visière:2,Genre:Unisexe:3,Marque:Acerbis:11,Modèle:Impact:12,;;;;;;;;;;
80617;1;Visiere De Casque Impact;202;45.37;1;29.0368;;;;;;0021595.318;0021595.318;Freidig;Acerbis;;;;;;;;2;;;;;;Visière de casque ;Visiere De Casque Acerbis Impact<p>Permet de limiter :</p><ul><li>l'aveuglement des rayons du soleil</li><li>la poussière</li><li>les insectes</li><li>l'humidité</li></ul><br><p>Il existe deux types de visières de casque :</p><ul><li>l'écran : devant les yeux, sur le casque intégral et modulable</li><li>la casquette : au niveau du front, sur le casque de moto-cross et jet</li></ul>;;;;;;;;1;2016-03-17;2016-03-17;1;https://www.motogoodeal.ch/img/import/0021595.318_0.jpg;0;Couleur:Noir:1,Type de casque:Visière:2,Genre:Unisexe:3,Marque:Acerbis:11,Modèle:Impact:12,;;;;;;;;;;
80618;1;Visiere De Casque Impact Junior;202;45.37;1;29.0368;;;;;;0021613.010;0021613.010;Freidig;Acerbis;;;;;;;;0;;;;;;Visière de casque ;Visiere De Casque Acerbis Impact Junior<p>Permet de limiter :</p><ul><li>l'aveuglement des rayons du soleil</li><li>la poussière</li><li>les insectes</li><li>l'humidité</li></ul><br><p>Il existe deux types de visières de casque :</p><ul><li>l'écran : devant les yeux, sur le casque intégral et modulable</li><li>la casquette : au niveau du front, sur le casque de moto-cross et jet</li></ul>;;;;;;;;1;2016-03-17;2016-03-17;1;https://www.motogoodeal.ch/img/import/0021613.010_0.jpg;0;Couleur:Orange:1,Type de casque:Visière:2,Genre:Enfant:3,Marque:Acerbis:11,Modèle:Impact Junior:12,;;;;;;;;;;
80619;1;Visiere De Casque Impact Junior;202;45.37;1;29.0368;;;;;;0021613.281;0021613.281;Freidig;Acerbis;;;;;;;;0;;;;;;Visière de casque ;Visiere De Casque Acerbis Impact Junior<p>Permet de limiter :</p><ul><li>l'aveuglement des rayons du soleil</li><li>la poussière</li><li>les insectes</li><li>l'humidité</li></ul><br><p>Il existe deux types de visières de casque :</p><ul><li>l'écran : devant les yeux, sur le casque intégral et modulable</li><li>la casquette : au niveau du front, sur le casque de moto-cross et jet</li></ul>;;;;;;;;1;2016-03-17;2016-03-17;1;https://www.motogoodeal.ch/img/import/0021613.281_0.jpg;0;Couleur:Bleu:1,Type de casque:Visière:2,Genre:Enfant:3,Marque:Acerbis:11,Modèle:Impact Junior:12,;;;;;;;;;;
80620;1;Visiere De Casque Kryptonite;202;45.37;1;29.0368;;;;;;0021637.346;0021637.346;Freidig;Acerbis;;;;;;;;2;;;;;;Visière de casque ;Visiere De Casque Acerbis Kryptonite<p>Permet de limiter :</p><ul><li>l'aveuglement des rayons du soleil</li><li>la poussière</li><li>les insectes</li><li>l'humidité</li></ul><br><p>Il existe deux types de visières de casque :</p><ul><li>l'écran : devant les yeux, sur le casque intégral et modulable</li><li>la casquette : au niveau du front, sur le casque de moto-cross et jet</li></ul>;;;;;;;;1;2016-03-17;2016-03-17;1;https://www.motogoodeal.ch/img/import/0021637.346_0.jpg;0;Couleur:Rouge:1,Type de casque:Visière:2,Genre:Unisexe:3,Marque:Acerbis:11,Modèle:Kryptonite:12,;;;;;;;;;;
80621;1;Evs 909 Casquette Flex-Fit Noir One Size;238;26.85;1;15.036;;;;;;1053000;1053000;Freidig;;;;;;;;;0;;;;;;;<ul><li>Casquette taille unique noire Flex-Fit</li></ul>;;;;;;;;1;2016-03-17;2016-03-17;1;https://www.motogoodeal.ch/img/import/1053000 090_0.jpg;0;Couleur:Noir:1,Type de casque:Accessoires:2,Genre:Unisexe:3,;;;;;;;;;;
80623;1;Joint Caoutchouc Casque Premier Vintage;202;24.07;1;15.4048;;;;;;45629;45629;Freidig;Premier;;;;;;;;4;;;;;;Visière de casque ;Visière De Casque Premier Vintage<p>Permet de limiter :</p><ul><li>l'aveuglement des rayons du soleil</li><li>la poussière</li><li>les insectes</li><li>l'humidité</li></ul><br><p>Il existe deux types de visières de casque :</p><ul><li>l'écran : devant les yeux, sur le casque intégral et modulable</li><li>la casquette : au niveau du front, sur le casque de moto-cross et jet</li></ul>;;;;;;;;1;2016-03-17;2016-03-17;1;https://www.motogoodeal.ch/img/import/45629_0.jpg;0;Couleur:Noir:1,Type de casque:Visière:2,Genre:Unisexe:3,Marque:Premier:11,Modèle:Premier Vintage:12,;;;;;;;;;;
80624;1;Visiere De Casque Premier Ares   44100;202;62.04;1;39.7056;;;;;;45900;45900;Freidig;Premier;;;;;;;;0;;;;;;Visière de casque ;Visière De Casque Premier Ares<p>Permet de limiter :</p><ul><li>l'aveuglement des rayons du soleil</li><li>la poussière</li><li>les insectes</li><li>l'humidité</li></ul><br><p>Il existe deux types de visières de casque :</p><ul><li>l'écran : devant les yeux, sur le casque intégral et modulable</li><li>la casquette : au niveau du front, sur le casque de moto-cross et jet</li></ul>;;;;;;;;1;2016-03-17;2016-03-17;1;https://www.motogoodeal.ch/img/import/45900 090_0.jpg;0;Couleur:Noir:1,Type de casque:Visière:2,Genre:Unisexe:3,Marque:Premier:11,Modèle:Premier Ares:12,;;;;;;;;;;
80625;1;Visiere De Casque Premier Free ;202;41.67;1;26.6688;;;;;;45917;45917;Freidig;Premier;;;;;;;;1;;;;;;Visière de casque ;Visière De Casque Premier Free<p>Permet de limiter :</p><ul><li>l'aveuglement des rayons du soleil</li><li>la poussière</li><li>les insectes</li><li>l'humidité</li></ul><br><p>Il existe deux types de visières de casque :</p><ul><li>l'écran : devant les yeux, sur le casque intégral et modulable</li><li>la casquette : au niveau du front, sur le casque de moto-cross et jet</li></ul>;;;;;;;;1;2016-03-17;2016-03-17;1;https://www.motogoodeal.ch/img/import/45917_0.jpg;0;Couleur:Blanc:1,Type de casque:Visière:2,Genre:Unisexe:3,Marque:Premier:11,Modèle:Premier Free:12,;;;;;;;;;;
80626;1;Sèche Casque Sd-Dry;202;175;1;140;;;;;;90804;90804;Freidig;;;;;;;;;4;;;;;;;<ul><li>Ventilation en flux constant d’air ambiant ou chauffé -57º C</li><li>temps de séchage programmable (180 minutes maxi)</li><li>coupure automatique en fin de séance</li><li>lonisation électronique</li><li>destruction des bactéries et molécules malodorantes</li></ul>;;;;;;;;1;2016-03-17;2016-03-17;1;https://www.motogoodeal.ch/img/import/90804_0.jpg,https://www.motogoodeal.ch/img/import/90804_1.jpg;0;Type de casque:Accessoires:2,Genre:Unisexe:3,;;;;;;;;;;
80627;1;Visiere Acerbis Casque Bleu;202;45.37;1;15.8795;;;;;;AC67 76 BL;AC67 76 BL;Freidig;Acerbis;;;;;;;;2;;;;;;;<p>Visiere Acerbis Casque Bleu;;;;;;;;1;2016-03-17;2016-03-17;1;https://www.motogoodeal.ch/img/import/AC67 76 BL_0.jpg;0;Couleur:Bleu:1,Genre:Unisexe:3,Marque:Acerbis:11,;;;;;;;;;;
80628;1;Visiere Acerbis Casque Noir;202;45.37;1;15.8795;;;;;;AC67 76 S;AC67 76 S;Freidig;Acerbis;;;;;;;;4;;;;;;;<p>Visiere Acerbis Casque Noir;;;;;;;;1;2016-03-17;2016-03-17;1;https://www.motogoodeal.ch/img/import/AC67 76 S_0.jpg;0;Couleur:Bleu:1,Genre:Unisexe:3,Marque:Acerbis:11,;;;;;;;;;;
80630;1;Visiere Casque Enfant Profile;202;32.41;1;11.3435;;;;;;AC69 13;AC69 13;Freidig;;;;;;;;;1;;;;;;;<p>Visiere Casque Enfant Profile;;;;;;;;1;2016-03-17;2016-03-17;1;https://www.motogoodeal.ch/img/import/AC69 13_0.jpg;0;Genre:Enfant:3,Modèle:Profile:12,;;;;;;;;;;
80632;1;Mr 202 Casque Jet Visière;202;63.89;1;40.8896;;;;;;MR202 VIS C;MR202 VIS C;Freidig;;;;;;;;;0;;;;;;;<p>Mr 202 Casque Jet Visière - Claire;;;;;;;;1;2016-03-17;2016-03-17;1;https://www.motogoodeal.ch/img/import/MR202 VIS C_0.jpg;0;Modèle:Mr 202:12,;;;;;;;;;;
80633;1;Mr 202 Casque Jet / Ecran Solaire;202;156.48;1;78.24;;;;;;MR202 WS ;MR202 WS ;Freidig;;;;;;;;;0;;;;;;;<p>Mr 202 Casque Jet / Ecran Solaire en blanc - noir;;;;;;;;1;2016-03-17;2016-03-17;1;https://www.motogoodeal.ch/img/import/MR202 WS 069 S_0.jpg;0;Couleur:Blanc-noir:1,;;;;;;;;;;
80634;1;Mr 215 Casque Jet;202;175;1;87.5;;;;;;MR215 MA;MR215 MA;Freidig;;;;;;;;;0;;;;;;;Ecran Solaire;;;;;;;;1;2016-03-17;2016-03-17;1;https://www.motogoodeal.ch/img/import/MR215 MA_0.jpg;0;;;;;;;;;;;
80635;1;Mr 215 Casque Jet Visière;202;63.89;1;40.8896;;;;;;MR215 VIS C;MR215 VIS C;Freidig;;;;;;;;;1;;;;;;;Claire;;;;;;;;1;2016-03-17;2016-03-17;1;https://www.motogoodeal.ch/img/import/MR215 VIS C_0.jpg;0;Modèle:Mr 215:12,;;;;;;;;;;
80636;1;Mr 215 Casque Jet Visière;202;63.89;1;40.8896;;;;;;MR215 VIS D;MR215 VIS D;Freidig;;;;;;;;;2;;;;;;;Teintée;;;;;;;;1;2016-03-17;2016-03-17;1;https://www.motogoodeal.ch/img/import/MR215 VIS D_0.jpg;0;Modèle:Mr 215:12,;;;;;;;;;;
80637;1;Mr 312 Casque Jet Visière;202;54.63;1;34.9632;;;;;;MR312 VIS C;MR312 VIS C;Freidig;;;;;;;;;0;;;;;;;Claire;;;;;;;;1;2016-03-17;2016-03-17;1;https://www.motogoodeal.ch/img/import/MR312 VIS C_0.jpg;0;Modèle:Mr 312:12,;;;;;;;;;;
80638;1;Mr 313 Casque Jet Visière Claire;202;63.89;1;40.8896;;;;;;MR313 VIS C;MR313 VIS C;Freidig;;;;;;;;;3;;;;;;;;;;;;;;;1;2016-03-17;2016-03-17;1;https://www.motogoodeal.ch/img/import/MR313 VIS C_0.jpg;0;Modèle:Mr 313:12,;;;;;;;;;;
80639;1;Tucano Wb  Jet Under-Helmet;202,229;43.52;1;24.3712;;;;;;T618WB-090-;T618WB-090-;Freidig;Tucano;;;;;;;;3;;;;;;;<ul><li>Couleur: Noir</li><li>Matière: 100 % Soie</li></ul>;;;;;;;;1;2016-03-17;2016-03-17;1;https://www.motogoodeal.ch/img/import/T618WB-090-_0.jpg;0;;;;;;;;;;;
;;;;;;;;;;;;;;;;;;;;;;;;;;;;;;;;;;;;;;;;;;;;;;;;;;;;;;
;;;;;;;;;;;;;;;;;;;;;;;;;;;;;;;;;;;;;;;;;;;;;;;;;;;;;;
;;;;;;;;;;;;;;;;;;;;;;;;;;;;;;;;;;;;;;;;;;;;;;;;;;;;;;
;;;;;;;;;;;;;;;;;;;;;;;;;;;;;;;;;;;;;;;;;;;;;;;;;;;;;;
;;;;;;;;;;;;;;;;;;;;;;;;;;;;;;;;;;;;;;;;;;;;;;;;;;;;;;
;;;;;;;;;;;;;;;;;;;;;;;;;;;;;;;;;;;;;;;;;;;;;;;;;;;;;;
;;;;;;;;;;;;;;;;;;;;;;;;;;;;;;;;;;;;;;;;;;;;;;;;;;;;;;
;;;;;;;;;;;;;;;;;;;;;;;;;;;;;;;;;;;;;;;;;;;;;;;;;;;;;;
;;;;;;;;;;;;;;;;;;;;;;;;;;;;;;;;;;;;;;;;;;;;;;;;;;;;;;
;;;;;;;;;;;;;;;;;;;;;;;;;;;;;;;;;;;;;;;;;;;;;;;;;;;;;;
;;;;;;;;;;;;;;;;;;;;;;;;;;;;;;;;;;;;;;;;;;;;;;;;;;;;;;
;;;;;;;;;;;;;;;;;;;;;;;;;;;;;;;;;;;;;;;;;;;;;;;;;;;;;;
;;;;;;;;;;;;;;;;;;;;;;;;;;;;;;;;;;;;;;;;;;;;;;;;;;;;;;
;;;;;;;;;;;;;;;;;;;;;;;;;;;;;;;;;;;;;;;;;;;;;;;;;;;;;;
;;;;;;;;;;;;;;;;;;;;;;;;;;;;;;;;;;;;;;;;;;;;;;;;;;;;;;
;;;;;;;;;;;;;;;;;;;;;;;;;;;;;;;;;;;;;;;;;;;;;;;;;;;;;;
;;;;;;;;;;;;;;;;;;;;;;;;;;;;;;;;;;;;;;;;;;;;;;;;;;;;;;
;;;;;;;;;;;;;;;;;;;;;;;;;;;;;;;;;;;;;;;;;;;;;;;;;;;;;;
;;;;;;;;;;;;;;;;;;;;;;;;;;;;;;;;;;;;;;;;;;;;;;;;;;;;;;
;;;;;;;;;;;;;;;;;;;;;;;;;;;;;;;;;;;;;;;;;;;;;;;;;;;;;;
;;;;;;;;;;;;;;;;;;;;;;;;;;;;;;;;;;;;;;;;;;;;;;;;;;;;;;
;;;;;;;;;;;;;;;;;;;;;;;;;;;;;;;;;;;;;;;;;;;;;;;;;;;;;;
;;;;;;;;;;;;;;;;;;;;;;;;;;;;;;;;;;;;;;;;;;;;;;;;;;;;;;
;;;;;;;;;;;;;;;;;;;;;;;;;;;;;;;;;;;;;;;;;;;;;;;;;;;;;;
;;;;;;;;;;;;;;;;;;;;;;;;;;;;;;;;;;;;;;;;;;;;;;;;;;;;;;
;;;;;;;;;;;;;;;;;;;;;;;;;;;;;;;;;;;;;;;;;;;;;;;;;;;;;;
;;;;;;;;;;;;;;;;;;;;;;;;;;;;;;;;;;;;;;;;;;;;;;;;;;;;;;
;;;;;;;;;;;;;;;;;;;;;;;;;;;;;;;;;;;;;;;;;;;;;;;;;;;;;;
;;;;;;;;;;;;;;;;;;;;;;;;;;;;;;;;;;;;;;;;;;;;;;;;;;;;;;
;;;;;;;;;;;;;;;;;;;;;;;;;;;;;;;;;;;;;;;;;;;;;;;;;;;;;;
;;;;;;;;;;;;;;;;;;;;;;;;;;;;;;;;;;;;;;;;;;;;;;;;;;;;;;
;;;;;;;;;;;;;;;;;;;;;;;;;;;;;;;;;;;;;;;;;;;;;;;;;;;;;;
;;;;;;;;;;;;;;;;;;;;;;;;;;;;;;;;;;;;;;;;;;;;;;;;;;;;;;
;;;;;;;;;;;;;;;;;;;;;;;;;;;;;;;;;;;;;;;;;;;;;;;;;;;;;;
;;;;;;;;;;;;;;;;;;;;;;;;;;;;;;;;;;;;;;;;;;;;;;;;;;;;;;
;;;;;;;;;;;;;;;;;;;;;;;;;;;;;;;;;;;;;;;;;;;;;;;;;;;;;;
;;;;;;;;;;;;;;;;;;;;;;;;;;;;;;;;;;;;;;;;;;;;;;;;;;;;;;
;;;;;;;;;;;;;;;;;;;;;;;;;;;;;;;;;;;;;;;;;;;;;;;;;;;;;;
;;;;;;;;;;;;;;;;;;;;;;;;;;;;;;;;;;;;;;;;;;;;;;;;;;;;;;
;;;;;;;;;;;;;;;;;;;;;;;;;;;;;;;;;;;;;;;;;;;;;;;;;;;;;;
;;;;;;;;;;;;;;;;;;;;;;;;;;;;;;;;;;;;;;;;;;;;;;;;;;;;;;
;;;;;;;;;;;;;;;;;;;;;;;;;;;;;;;;;;;;;;;;;;;;;;;;;;;;;;
;;;;;;;;;;;;;;;;;;;;;;;;;;;;;;;;;;;;;;;;;;;;;;;;;;;;;;
;;;;;;;;;;;;;;;;;;;;;;;;;;;;;;;;;;;;;;;;;;;;;;;;;;;;;;
;;;;;;;;;;;;;;;;;;;;;;;;;;;;;;;;;;;;;;;;;;;;;;;;;;;;;;
;;;;;;;;;;;;;;;;;;;;;;;;;;;;;;;;;;;;;;;;;;;;;;;;;;;;;;
;;;;;;;;;;;;;;;;;;;;;;;;;;;;;;;;;;;;;;;;;;;;;;;;;;;;;;
;;;;;;;;;;;;;;;;;;;;;;;;;;;;;;;;;;;;;;;;;;;;;;;;;;;;;;
;;;;;;;;;;;;;;;;;;;;;;;;;;;;;;;;;;;;;;;;;;;;;;;;;;;;;;
;;;;;;;;;;;;;;;;;;;;;;;;;;;;;;;;;;;;;;;;;;;;;;;;;;;;;;
;;;;;;;;;;;;;;;;;;;;;;;;;;;;;;;;;;;;;;;;;;;;;;;;;;;;;;
;;;;;;;;;;;;;;;;;;;;;;;;;;;;;;;;;;;;;;;;;;;;;;;;;;;;;;
;;;;;;;;;;;;;;;;;;;;;;;;;;;;;;;;;;;;;;;;;;;;;;;;;;;;;;
;;;;;;;;;;;;;;;;;;;;;;;;;;;;;;;;;;;;;;;;;;;;;;;;;;;;;;
;;;;;;;;;;;;;;;;;;;;;;;;;;;;;;;;;;;;;;;;;;;;;;;;;;;;;;
;;;;;;;;;;;;;;;;;;;;;;;;;;;;;;;;;;;;;;;;;;;;;;;;;;;;;;
;;;;;;;;;;;;;;;;;;;;;;;;;;;;;;;;;;;;;;;;;;;;;;;;;;;;;;
;;;;;;;;;;;;;;;;;;;;;;;;;;;;;;;;;;;;;;;;;;;;;;;;;;;;;;
;;;;;;;;;;;;;;;;;;;;;;;;;;;;;;;;;;;;;;;;;;;;;;;;;;;;;;
;;;;;;;;;;;;;;;;;;;;;;;;;;;;;;;;;;;;;;;;;;;;;;;;;;;;;;
;;;;;;;;;;;;;;;;;;;;;;;;;;;;;;;;;;;;;;;;;;;;;;;;;;;;;;
;;;;;;;;;;;;;;;;;;;;;;;;;;;;;;;;;;;;;;;;;;;;;;;;;;;;;;
;;;;;;;;;;;;;;;;;;;;;;;;;;;;;;;;;;;;;;;;;;;;;;;;;;;;;;
;;;;;;;;;;;;;;;;;;;;;;;;;;;;;;;;;;;;;;;;;;;;;;;;;;;;;;
;;;;;;;;;;;;;;;;;;;;;;;;;;;;;;;;;;;;;;;;;;;;;;;;;;;;;;
;;;;;;;;;;;;;;;;;;;;;;;;;;;;;;;;;;;;;;;;;;;;;;;;;;;;;;
;;;;;;;;;;;;;;;;;;;;;;;;;;;;;;;;;;;;;;;;;;;;;;;;;;;;;;
;;;;;;;;;;;;;;;;;;;;;;;;;;;;;;;;;;;;;;;;;;;;;;;;;;;;;;
;;;;;;;;;;;;;;;;;;;;;;;;;;;;;;;;;;;;;;;;;;;;;;;;;;;;;;
;;;;;;;;;;;;;;;;;;;;;;;;;;;;;;;;;;;;;;;;;;;;;;;;;;;;;;
;;;;;;;;;;;;;;;;;;;;;;;;;;;;;;;;;;;;;;;;;;;;;;;;;;;;;;
;;;;;;;;;;;;;;;;;;;;;;;;;;;;;;;;;;;;;;;;;;;;;;;;;;;;;;
;;;;;;;;;;;;;;;;;;;;;;;;;;;;;;;;;;;;;;;;;;;;;;;;;;;;;;
;;;;;;;;;;;;;;;;;;;;;;;;;;;;;;;;;;;;;;;;;;;;;;;;;;;;;;
;;;;;;;;;;;;;;;;;;;;;;;;;;;;;;;;;;;;;;;;;;;;;;;;;;;;;;
;;;;;;;;;;;;;;;;;;;;;;;;;;;;;;;;;;;;;;;;;;;;;;;;;;;;;;
;;;;;;;;;;;;;;;;;;;;;;;;;;;;;;;;;;;;;;;;;;;;;;;;;;;;;;
;;;;;;;;;;;;;;;;;;;;;;;;;;;;;;;;;;;;;;;;;;;;;;;;;;;;;;
;;;;;;;;;;;;;;;;;;;;;;;;;;;;;;;;;;;;;;;;;;;;;;;;;;;;;;
;;;;;;;;;;;;;;;;;;;;;;;;;;;;;;;;;;;;;;;;;;;;;;;;;;;;;;
;;;;;;;;;;;;;;;;;;;;;;;;;;;;;;;;;;;;;;;;;;;;;;;;;;;;;;
;;;;;;;;;;;;;;;;;;;;;;;;;;;;;;;;;;;;;;;;;;;;;;;;;;;;;;
;;;;;;;;;;;;;;;;;;;;;;;;;;;;;;;;;;;;;;;;;;;;;;;;;;;;;;
;;;;;;;;;;;;;;;;;;;;;;;;;;;;;;;;;;;;;;;;;;;;;;;;;;;;;;
;;;;;;;;;;;;;;;;;;;;;;;;;;;;;;;;;;;;;;;;;;;;;;;;;;;;;;
;;;;;;;;;;;;;;;;;;;;;;;;;;;;;;;;;;;;;;;;;;;;;;;;;;;;;;
;;;;;;;;;;;;;;;;;;;;;;;;;;;;;;;;;;;;;;;;;;;;;;;;;;;;;;
;;;;;;;;;;;;;;;;;;;;;;;;;;;;;;;;;;;;;;;;;;;;;;;;;;;;;;
;;;;;;;;;;;;;;;;;;;;;;;;;;;;;;;;;;;;;;;;;;;;;;;;;;;;;;
;;;;;;;;;;;;;;;;;;;;;;;;;;;;;;;;;;;;;;;;;;;;;;;;;;;;;;
;;;;;;;;;;;;;;;;;;;;;;;;;;;;;;;;;;;;;;;;;;;;;;;;;;;;;;
;;;;;;;;;;;;;;;;;;;;;;;;;;;;;;;;;;;;;;;;;;;;;;;;;;;;;;
;;;;;;;;;;;;;;;;;;;;;;;;;;;;;;;;;;;;;;;;;;;;;;;;;;;;;;
;;;;;;;;;;;;;;;;;;;;;;;;;;;;;;;;;;;;;;;;;;;;;;;;;;;;;;
;;;;;;;;;;;;;;;;;;;;;;;;;;;;;;;;;;;;;;;;;;;;;;;;;;;;;;
;;;;;;;;;;;;;;;;;;;;;;;;;;;;;;;;;;;;;;;;;;;;;;;;;;;;;;
;;;;;;;;;;;;;;;;;;;;;;;;;;;;;;;;;;;;;;;;;;;;;;;;;;;;;;
;;;;;;;;;;;;;;;;;;;;;;;;;;;;;;;;;;;;;;;;;;;;;;;;;;;;;;
;;;;;;;;;;;;;;;;;;;;;;;;;;;;;;;;;;;;;;;;;;;;;;;;;;;;;;
;;;;;;;;;;;;;;;;;;;;;;;;;;;;;;;;;;;;;;;;;;;;;;;;;;;;;;
;;;;;;;;;;;;;;;;;;;;;;;;;;;;;;;;;;;;;;;;;;;;;;;;;;;;;;
;;;;;;;;;;;;;;;;;;;;;;;;;;;;;;;;;;;;;;;;;;;;;;;;;;;;;;
;;;;;;;;;;;;;;;;;;;;;;;;;;;;;;;;;;;;;;;;;;;;;;;;;;;;;;
;;;;;;;;;;;;;;;;;;;;;;;;;;;;;;;;;;;;;;;;;;;;;;;;;;;;;;
;;;;;;;;;;;;;;;;;;;;;;;;;;;;;;;;;;;;;;;;;;;;;;;;;;;;;;
;;;;;;;;;;;;;;;;;;;;;;;;;;;;;;;;;;;;;;;;;;;;;;;;;;;;;;
;;;;;;;;;;;;;;;;;;;;;;;;;;;;;;;;;;;;;;;;;;;;;;;;;;;;;;
;;;;;;;;;;;;;;;;;;;;;;;;;;;;;;;;;;;;;;;;;;;;;;;;;;;;;;
;;;;;;;;;;;;;;;;;;;;;;;;;;;;;;;;;;;;;;;;;;;;;;;;;;;;;;
;;;;;;;;;;;;;;;;;;;;;;;;;;;;;;;;;;;;;;;;;;;;;;;;;;;;;;
;;;;;;;;;;;;;;;;;;;;;;;;;;;;;;;;;;;;;;;;;;;;;;;;;;;;;;
;;;;;;;;;;;;;;;;;;;;;;;;;;;;;;;;;;;;;;;;;;;;;;;;;;;;;;
;;;;;;;;;;;;;;;;;;;;;;;;;;;;;;;;;;;;;;;;;;;;;;;;;;;;;;
;;;;;;;;;;;;;;;;;;;;;;;;;;;;;;;;;;;;;;;;;;;;;;;;;;;;;;
;;;;;;;;;;;;;;;;;;;;;;;;;;;;;;;;;;;;;;;;;;;;;;;;;;;;;;
;;;;;;;;;;;;;;;;;;;;;;;;;;;;;;;;;;;;;;;;;;;;;;;;;;;;;;
;;;;;;;;;;;;;;;;;;;;;;;;;;;;;;;;;;;;;;;;;;;;;;;;;;;;;;
;;;;;;;;;;;;;;;;;;;;;;;;;;;;;;;;;;;;;;;;;;;;;;;;;;;;;;
;;;;;;;;;;;;;;;;;;;;;;;;;;;;;;;;;;;;;;;;;;;;;;;;;;;;;;
;;;;;;;;;;;;;;;;;;;;;;;;;;;;;;;;;;;;;;;;;;;;;;;;;;;;;;
;;;;;;;;;;;;;;;;;;;;;;;;;;;;;;;;;;;;;;;;;;;;;;;;;;;;;;
;;;;;;;;;;;;;;;;;;;;;;;;;;;;;;;;;;;;;;;;;;;;;;;;;;;;;;
;;;;;;;;;;;;;;;;;;;;;;;;;;;;;;;;;;;;;;;;;;;;;;;;;;;;;;
;;;;;;;;;;;;;;;;;;;;;;;;;;;;;;;;;;;;;;;;;;;;;;;;;;;;;;
;;;;;;;;;;;;;;;;;;;;;;;;;;;;;;;;;;;;;;;;;;;;;;;;;;;;;;
;;;;;;;;;;;;;;;;;;;;;;;;;;;;;;;;;;;;;;;;;;;;;;;;;;;;;;
;;;;;;;;;;;;;;;;;;;;;;;;;;;;;;;;;;;;;;;;;;;;;;;;;;;;;;
;;;;;;;;;;;;;;;;;;;;;;;;;;;;;;;;;;;;;;;;;;;;;;;;;;;;;;
;;;;;;;;;;;;;;;;;;;;;;;;;;;;;;;;;;;;;;;;;;;;;;;;;;;;;;
;;;;;;;;;;;;;;;;;;;;;;;;;;;;;;;;;;;;;;;;;;;;;;;;;;;;;;
;;;;;;;;;;;;;;;;;;;;;;;;;;;;;;;;;;;;;;;;;;;;;;;;;;;;;;
;;;;;;;;;;;;;;;;;;;;;;;;;;;;;;;;;;;;;;;;;;;;;;;;;;;;;;
;;;;;;;;;;;;;;;;;;;;;;;;;;;;;;;;;;;;;;;;;;;;;;;;;;;;;;
;;;;;;;;;;;;;;;;;;;;;;;;;;;;;;;;;;;;;;;;;;;;;;;;;;;;;;
;;;;;;;;;;;;;;;;;;;;;;;;;;;;;;;;;;;;;;;;;;;;;;;;;;;;;;
;;;;;;;;;;;;;;;;;;;;;;;;;;;;;;;;;;;;;;;;;;;;;;;;;;;;;;
;;;;;;;;;;;;;;;;;;;;;;;;;;;;;;;;;;;;;;;;;;;;;;;;;;;;;;
;;;;;;;;;;;;;;;;;;;;;;;;;;;;;;;;;;;;;;;;;;;;;;;;;;;;;;
;;;;;;;;;;;;;;;;;;;;;;;;;;;;;;;;;;;;;;;;;;;;;;;;;;;;;;
;;;;;;;;;;;;;;;;;;;;;;;;;;;;;;;;;;;;;;;;;;;;;;;;;;;;;;
;;;;;;;;;;;;;;;;;;;;;;;;;;;;;;;;;;;;;;;;;;;;;;;;;;;;;;
;;;;;;;;;;;;;;;;;;;;;;;;;;;;;;;;;;;;;;;;;;;;;;;;;;;;;;
;;;;;;;;;;;;;;;;;;;;;;;;;;;;;;;;;;;;;;;;;;;;;;;;;;;;;;
;;;;;;;;;;;;;;;;;;;;;;;;;;;;;;;;;;;;;;;;;;;;;;;;;;;;;;
;;;;;;;;;;;;;;;;;;;;;;;;;;;;;;;;;;;;;;;;;;;;;;;;;;;;;;
;;;;;;;;;;;;;;;;;;;;;;;;;;;;;;;;;;;;;;;;;;;;;;;;;;;;;;
;;;;;;;;;;;;;;;;;;;;;;;;;;;;;;;;;;;;;;;;;;;;;;;;;;;;;;
;;;;;;;;;;;;;;;;;;;;;;;;;;;;;;;;;;;;;;;;;;;;;;;;;;;;;;
;;;;;;;;;;;;;;;;;;;;;;;;;;;;;;;;;;;;;;;;;;;;;;;;;;;;;;
;;;;;;;;;;;;;;;;;;;;;;;;;;;;;;;;;;;;;;;;;;;;;;;;;;;;;;
;;;;;;;;;;;;;;;;;;;;;;;;;;;;;;;;;;;;;;;;;;;;;;;;;;;;;;
;;;;;;;;;;;;;;;;;;;;;;;;;;;;;;;;;;;;;;;;;;;;;;;;;;;;;;
;;;;;;;;;;;;;;;;;;;;;;;;;;;;;;;;;;;;;;;;;;;;;;;;;;;;;;
;;;;;;;;;;;;;;;;;;;;;;;;;;;;;;;;;;;;;;;;;;;;;;;;;;;;;;
;;;;;;;;;;;;;;;;;;;;;;;;;;;;;;;;;;;;;;;;;;;;;;;;;;;;;;
;;;;;;;;;;;;;;;;;;;;;;;;;;;;;;;;;;;;;;;;;;;;;;;;;;;;;;
;;;;;;;;;;;;;;;;;;;;;;;;;;;;;;;;;;;;;;;;;;;;;;;;;;;;;;
;;;;;;;;;;;;;;;;;;;;;;;;;;;;;;;;;;;;;;;;;;;;;;;;;;;;;;
;;;;;;;;;;;;;;;;;;;;;;;;;;;;;;;;;;;;;;;;;;;;;;;;;;;;;;
;;;;;;;;;;;;;;;;;;;;;;;;;;;;;;;;;;;;;;;;;;;;;;;;;;;;;;
;;;;;;;;;;;;;;;;;;;;;;;;;;;;;;;;;;;;;;;;;;;;;;;;;;;;;;
;;;;;;;;;;;;;;;;;;;;;;;;;;;;;;;;;;;;;;;;;;;;;;;;;;;;;;
;;;;;;;;;;;;;;;;;;;;;;;;;;;;;;;;;;;;;;;;;;;;;;;;;;;;;;
;;;;;;;;;;;;;;;;;;;;;;;;;;;;;;;;;;;;;;;;;;;;;;;;;;;;;;
;;;;;;;;;;;;;;;;;;;;;;;;;;;;;;;;;;;;;;;;;;;;;;;;;;;;;;
;;;;;;;;;;;;;;;;;;;;;;;;;;;;;;;;;;;;;;;;;;;;;;;;;;;;;;
;;;;;;;;;;;;;;;;;;;;;;;;;;;;;;;;;;;;;;;;;;;;;;;;;;;;;;
;;;;;;;;;;;;;;;;;;;;;;;;;;;;;;;;;;;;;;;;;;;;;;;;;;;;;;
;;;;;;;;;;;;;;;;;;;;;;;;;;;;;;;;;;;;;;;;;;;;;;;;;;;;;;
;;;;;;;;;;;;;;;;;;;;;;;;;;;;;;;;;;;;;;;;;;;;;;;;;;;;;;
;;;;;;;;;;;;;;;;;;;;;;;;;;;;;;;;;;;;;;;;;;;;;;;;;;;;;;
;;;;;;;;;;;;;;;;;;;;;;;;;;;;;;;;;;;;;;;;;;;;;;;;;;;;;;
;;;;;;;;;;;;;;;;;;;;;;;;;;;;;;;;;;;;;;;;;;;;;;;;;;;;;;
;;;;;;;;;;;;;;;;;;;;;;;;;;;;;;;;;;;;;;;;;;;;;;;;;;;;;;
;;;;;;;;;;;;;;;;;;;;;;;;;;;;;;;;;;;;;;;;;;;;;;;;;;;;;;
;;;;;;;;;;;;;;;;;;;;;;;;;;;;;;;;;;;;;;;;;;;;;;;;;;;;;;
;;;;;;;;;;;;;;;;;;;;;;;;;;;;;;;;;;;;;;;;;;;;;;;;;;;;;;
;;;;;;;;;;;;;;;;;;;;;;;;;;;;;;;;;;;;;;;;;;;;;;;;;;;;;;
;;;;;;;;;;;;;;;;;;;;;;;;;;;;;;;;;;;;;;;;;;;;;;;;;;;;;;
;;;;;;;;;;;;;;;;;;;;;;;;;;;;;;;;;;;;;;;;;;;;;;;;;;;;;;
;;;;;;;;;;;;;;;;;;;;;;;;;;;;;;;;;;;;;;;;;;;;;;;;;;;;;;
;;;;;;;;;;;;;;;;;;;;;;;;;;;;;;;;;;;;;;;;;;;;;;;;;;;;;;
;;;;;;;;;;;;;;;;;;;;;;;;;;;;;;;;;;;;;;;;;;;;;;;;;;;;;;
;;;;;;;;;;;;;;;;;;;;;;;;;;;;;;;;;;;;;;;;;;;;;;;;;;;;;;
;;;;;;;;;;;;;;;;;;;;;;;;;;;;;;;;;;;;;;;;;;;;;;;;;;;;;;
;;;;;;;;;;;;;;;;;;;;;;;;;;;;;;;;;;;;;;;;;;;;;;;;;;;;;;
;;;;;;;;;;;;;;;;;;;;;;;;;;;;;;;;;;;;;;;;;;;;;;;;;;;;;;
;;;;;;;;;;;;;;;;;;;;;;;;;;;;;;;;;;;;;;;;;;;;;;;;;;;;;;
;;;;;;;;;;;;;;;;;;;;;;;;;;;;;;;;;;;;;;;;;;;;;;;;;;;;;;
;;;;;;;;;;;;;;;;;;;;;;;;;;;;;;;;;;;;;;;;;;;;;;;;;;;;;;
;;;;;;;;;;;;;;;;;;;;;;;;;;;;;;;;;;;;;;;;;;;;;;;;;;;;;;
;;;;;;;;;;;;;;;;;;;;;;;;;;;;;;;;;;;;;;;;;;;;;;;;;;;;;;
;;;;;;;;;;;;;;;;;;;;;;;;;;;;;;;;;;;;;;;;;;;;;;;;;;;;;;
;;;;;;;;;;;;;;;;;;;;;;;;;;;;;;;;;;;;;;;;;;;;;;;;;;;;;;
;;;;;;;;;;;;;;;;;;;;;;;;;;;;;;;;;;;;;;;;;;;;;;;;;;;;;;
;;;;;;;;;;;;;;;;;;;;;;;;;;;;;;;;;;;;;;;;;;;;;;;;;;;;;;
;;;;;;;;;;;;;;;;;;;;;;;;;;;;;;;;;;;;;;;;;;;;;;;;;;;;;;
;;;;;;;;;;;;;;;;;;;;;;;;;;;;;;;;;;;;;;;;;;;;;;;;;;;;;;
;;;;;;;;;;;;;;;;;;;;;;;;;;;;;;;;;;;;;;;;;;;;;;;;;;;;;;
;;;;;;;;;;;;;;;;;;;;;;;;;;;;;;;;;;;;;;;;;;;;;;;;;;;;;;
;;;;;;;;;;;;;;;;;;;;;;;;;;;;;;;;;;;;;;;;;;;;;;;;;;;;;;
;;;;;;;;;;;;;;;;;;;;;;;;;;;;;;;;;;;;;;;;;;;;;;;;;;;;;;
;;;;;;;;;;;;;;;;;;;;;;;;;;;;;;;;;;;;;;;;;;;;;;;;;;;;;;
;;;;;;;;;;;;;;;;;;;;;;;;;;;;;;;;;;;;;;;;;;;;;;;;;;;;;;
;;;;;;;;;;;;;;;;;;;;;;;;;;;;;;;;;;;;;;;;;;;;;;;;;;;;;;
;;;;;;;;;;;;;;;;;;;;;;;;;;;;;;;;;;;;;;;;;;;;;;;;;;;;;;
;;;;;;;;;;;;;;;;;;;;;;;;;;;;;;;;;;;;;;;;;;;;;;;;;;;;;;
;;;;;;;;;;;;;;;;;;;;;;;;;;;;;;;;;;;;;;;;;;;;;;;;;;;;;;
;;;;;;;;;;;;;;;;;;;;;;;;;;;;;;;;;;;;;;;;;;;;;;;;;;;;;;
;;;;;;;;;;;;;;;;;;;;;;;;;;;;;;;;;;;;;;;;;;;;;;;;;;;;;;
;;;;;;;;;;;;;;;;;;;;;;;;;;;;;;;;;;;;;;;;;;;;;;;;;;;;;;
;;;;;;;;;;;;;;;;;;;;;;;;;;;;;;;;;;;;;;;;;;;;;;;;;;;;;;
;;;;;;;;;;;;;;;;;;;;;;;;;;;;;;;;;;;;;;;;;;;;;;;;;;;;;;
;;;;;;;;;;;;;;;;;;;;;;;;;;;;;;;;;;;;;;;;;;;;;;;;;;;;;;
;;;;;;;;;;;;;;;;;;;;;;;;;;;;;;;;;;;;;;;;;;;;;;;;;;;;;;
;;;;;;;;;;;;;;;;;;;;;;;;;;;;;;;;;;;;;;;;;;;;;;;;;;;;;;
;;;;;;;;;;;;;;;;;;;;;;;;;;;;;;;;;;;;;;;;;;;;;;;;;;;;;;
;;;;;;;;;;;;;;;;;;;;;;;;;;;;;;;;;;;;;;;;;;;;;;;;;;;;;;
;;;;;;;;;;;;;;;;;;;;;;;;;;;;;;;;;;;;;;;;;;;;;;;;;;;;;;
;;;;;;;;;;;;;;;;;;;;;;;;;;;;;;;;;;;;;;;;;;;;;;;;;;;;;;
;;;;;;;;;;;;;;;;;;;;;;;;;;;;;;;;;;;;;;;;;;;;;;;;;;;;;;
;;;;;;;;;;;;;;;;;;;;;;;;;;;;;;;;;;;;;;;;;;;;;;;;;;;;;;
;;;;;;;;;;;;;;;;;;;;;;;;;;;;;;;;;;;;;;;;;;;;;;;;;;;;;;
;;;;;;;;;;;;;;;;;;;;;;;;;;;;;;;;;;;;;;;;;;;;;;;;;;;;;;
;;;;;;;;;;;;;;;;;;;;;;;;;;;;;;;;;;;;;;;;;;;;;;;;;;;;;;
;;;;;;;;;;;;;;;;;;;;;;;;;;;;;;;;;;;;;;;;;;;;;;;;;;;;;;
;;;;;;;;;;;;;;;;;;;;;;;;;;;;;;;;;;;;;;;;;;;;;;;;;;;;;;
;;;;;;;;;;;;;;;;;;;;;;;;;;;;;;;;;;;;;;;;;;;;;;;;;;;;;;
;;;;;;;;;;;;;;;;;;;;;;;;;;;;;;;;;;;;;;;;;;;;;;;;;;;;;;
;;;;;;;;;;;;;;;;;;;;;;;;;;;;;;;;;;;;;;;;;;;;;;;;;;;;;;
;;;;;;;;;;;;;;;;;;;;;;;;;;;;;;;;;;;;;;;;;;;;;;;;;;;;;;
;;;;;;;;;;;;;;;;;;;;;;;;;;;;;;;;;;;;;;;;;;;;;;;;;;;;;;
;;;;;;;;;;;;;;;;;;;;;;;;;;;;;;;;;;;;;;;;;;;;;;;;;;;;;;
;;;;;;;;;;;;;;;;;;;;;;;;;;;;;;;;;;;;;;;;;;;;;;;;;;;;;;
;;;;;;;;;;;;;;;;;;;;;;;;;;;;;;;;;;;;;;;;;;;;;;;;;;;;;;
;;;;;;;;;;;;;;;;;;;;;;;;;;;;;;;;;;;;;;;;;;;;;;;;;;;;;;
;;;;;;;;;;;;;;;;;;;;;;;;;;;;;;;;;;;;;;;;;;;;;;;;;;;;;;
;;;;;;;;;;;;;;;;;;;;;;;;;;;;;;;;;;;;;;;;;;;;;;;;;;;;;;
;;;;;;;;;;;;;;;;;;;;;;;;;;;;;;;;;;;;;;;;;;;;;;;;;;;;;;
;;;;;;;;;;;;;;;;;;;;;;;;;;;;;;;;;;;;;;;;;;;;;;;;;;;;;;
;;;;;;;;;;;;;;;;;;;;;;;;;;;;;;;;;;;;;;;;;;;;;;;;;;;;;;
;;;;;;;;;;;;;;;;;;;;;;;;;;;;;;;;;;;;;;;;;;;;;;;;;;;;;;
;;;;;;;;;;;;;;;;;;;;;;;;;;;;;;;;;;;;;;;;;;;;;;;;;;;;;;
;;;;;;;;;;;;;;;;;;;;;;;;;;;;;;;;;;;;;;;;;;;;;;;;;;;;;;
;;;;;;;;;;;;;;;;;;;;;;;;;;;;;;;;;;;;;;;;;;;;;;;;;;;;;;
;;;;;;;;;;;;;;;;;;;;;;;;;;;;;;;;;;;;;;;;;;;;;;;;;;;;;;
;;;;;;;;;;;;;;;;;;;;;;;;;;;;;;;;;;;;;;;;;;;;;;;;;;;;;;
;;;;;;;;;;;;;;;;;;;;;;;;;;;;;;;;;;;;;;;;;;;;;;;;;;;;;;
;;;;;;;;;;;;;;;;;;;;;;;;;;;;;;;;;;;;;;;;;;;;;;;;;;;;;;
;;;;;;;;;;;;;;;;;;;;;;;;;;;;;;;;;;;;;;;;;;;;;;;;;;;;;;
;;;;;;;;;;;;;;;;;;;;;;;;;;;;;;;;;;;;;;;;;;;;;;;;;;;;;;
;;;;;;;;;;;;;;;;;;;;;;;;;;;;;;;;;;;;;;;;;;;;;;;;;;;;;;
;;;;;;;;;;;;;;;;;;;;;;;;;;;;;;;;;;;;;;;;;;;;;;;;;;;;;;
;;;;;;;;;;;;;;;;;;;;;;;;;;;;;;;;;;;;;;;;;;;;;;;;;;;;;;
;;;;;;;;;;;;;;;;;;;;;;;;;;;;;;;;;;;;;;;;;;;;;;;;;;;;;;
;;;;;;;;;;;;;;;;;;;;;;;;;;;;;;;;;;;;;;;;;;;;;;;;;;;;;;
;;;;;;;;;;;;;;;;;;;;;;;;;;;;;;;;;;;;;;;;;;;;;;;;;;;;;;
;;;;;;;;;;;;;;;;;;;;;;;;;;;;;;;;;;;;;;;;;;;;;;;;;;;;;;
;;;;;;;;;;;;;;;;;;;;;;;;;;;;;;;;;;;;;;;;;;;;;;;;;;;;;;
;;;;;;;;;;;;;;;;;;;;;;;;;;;;;;;;;;;;;;;;;;;;;;;;;;;;;;
;;;;;;;;;;;;;;;;;;;;;;;;;;;;;;;;;;;;;;;;;;;;;;;;;;;;;;
;;;;;;;;;;;;;;;;;;;;;;;;;;;;;;;;;;;;;;;;;;;;;;;;;;;;;;
;;;;;;;;;;;;;;;;;;;;;;;;;;;;;;;;;;;;;;;;;;;;;;;;;;;;;;
;;;;;;;;;;;;;;;;;;;;;;;;;;;;;;;;;;;;;;;;;;;;;;;;;;;;;;
;;;;;;;;;;;;;;;;;;;;;;;;;;;;;;;;;;;;;;;;;;;;;;;;;;;;;;
;;;;;;;;;;;;;;;;;;;;;;;;;;;;;;;;;;;;;;;;;;;;;;;;;;;;;;
;;;;;;;;;;;;;;;;;;;;;;;;;;;;;;;;;;;;;;;;;;;;;;;;;;;;;;
;;;;;;;;;;;;;;;;;;;;;;;;;;;;;;;;;;;;;;;;;;;;;;;;;;;;;;
;;;;;;;;;;;;;;;;;;;;;;;;;;;;;;;;;;;;;;;;;;;;;;;;;;;;;;
;;;;;;;;;;;;;;;;;;;;;;;;;;;;;;;;;;;;;;;;;;;;;;;;;;;;;;
;;;;;;;;;;;;;;;;;;;;;;;;;;;;;;;;;;;;;;;;;;;;;;;;;;;;;;
;;;;;;;;;;;;;;;;;;;;;;;;;;;;;;;;;;;;;;;;;;;;;;;;;;;;;;
;;;;;;;;;;;;;;;;;;;;;;;;;;;;;;;;;;;;;;;;;;;;;;;;;;;;;;
;;;;;;;;;;;;;;;;;;;;;;;;;;;;;;;;;;;;;;;;;;;;;;;;;;;;;;
;;;;;;;;;;;;;;;;;;;;;;;;;;;;;;;;;;;;;;;;;;;;;;;;;;;;;;
;;;;;;;;;;;;;;;;;;;;;;;;;;;;;;;;;;;;;;;;;;;;;;;;;;;;;;
;;;;;;;;;;;;;;;;;;;;;;;;;;;;;;;;;;;;;;;;;;;;;;;;;;;;;;
;;;;;;;;;;;;;;;;;;;;;;;;;;;;;;;;;;;;;;;;;;;;;;;;;;;;;;
;;;;;;;;;;;;;;;;;;;;;;;;;;;;;;;;;;;;;;;;;;;;;;;;;;;;;;
;;;;;;;;;;;;;;;;;;;;;;;;;;;;;;;;;;;;;;;;;;;;;;;;;;;;;;
;;;;;;;;;;;;;;;;;;;;;;;;;;;;;;;;;;;;;;;;;;;;;;;;;;;;;;
;;;;;;;;;;;;;;;;;;;;;;;;;;;;;;;;;;;;;;;;;;;;;;;;;;;;;;
;;;;;;;;;;;;;;;;;;;;;;;;;;;;;;;;;;;;;;;;;;;;;;;;;;;;;;
;;;;;;;;;;;;;;;;;;;;;;;;;;;;;;;;;;;;;;;;;;;;;;;;;;;;;;
;;;;;;;;;;;;;;;;;;;;;;;;;;;;;;;;;;;;;;;;;;;;;;;;;;;;;;
;;;;;;;;;;;;;;;;;;;;;;;;;;;;;;;;;;;;;;;;;;;;;;;;;;;;;;
;;;;;;;;;;;;;;;;;;;;;;;;;;;;;;;;;;;;;;;;;;;;;;;;;;;;;;
;;;;;;;;;;;;;;;;;;;;;;;;;;;;;;;;;;;;;;;;;;;;;;;;;;;;;;
;;;;;;;;;;;;;;;;;;;;;;;;;;;;;;;;;;;;;;;;;;;;;;;;;;;;;;
;;;;;;;;;;;;;;;;;;;;;;;;;;;;;;;;;;;;;;;;;;;;;;;;;;;;;;
;;;;;;;;;;;;;;;;;;;;;;;;;;;;;;;;;;;;;;;;;;;;;;;;;;;;;;
;;;;;;;;;;;;;;;;;;;;;;;;;;;;;;;;;;;;;;;;;;;;;;;;;;;;;;
;;;;;;;;;;;;;;;;;;;;;;;;;;;;;;;;;;;;;;;;;;;;;;;;;;;;;;
;;;;;;;;;;;;;;;;;;;;;;;;;;;;;;;;;;;;;;;;;;;;;;;;;;;;;;
;;;;;;;;;;;;;;;;;;;;;;;;;;;;;;;;;;;;;;;;;;;;;;;;;;;;;;
;;;;;;;;;;;;;;;;;;;;;;;;;;;;;;;;;;;;;;;;;;;;;;;;;;;;;;
;;;;;;;;;;;;;;;;;;;;;;;;;;;;;;;;;;;;;;;;;;;;;;;;;;;;;;
;;;;;;;;;;;;;;;;;;;;;;;;;;;;;;;;;;;;;;;;;;;;;;;;;;;;;;
;;;;;;;;;;;;;;;;;;;;;;;;;;;;;;;;;;;;;;;;;;;;;;;;;;;;;;
;;;;;;;;;;;;;;;;;;;;;;;;;;;;;;;;;;;;;;;;;;;;;;;;;;;;;;
;;;;;;;;;;;;;;;;;;;;;;;;;;;;;;;;;;;;;;;;;;;;;;;;;;;;;;
;;;;;;;;;;;;;;;;;;;;;;;;;;;;;;;;;;;;;;;;;;;;;;;;;;;;;;
;;;;;;;;;;;;;;;;;;;;;;;;;;;;;;;;;;;;;;;;;;;;;;;;;;;;;;
;;;;;;;;;;;;;;;;;;;;;;;;;;;;;;;;;;;;;;;;;;;;;;;;;;;;;;
;;;;;;;;;;;;;;;;;;;;;;;;;;;;;;;;;;;;;;;;;;;;;;;;;;;;;;
;;;;;;;;;;;;;;;;;;;;;;;;;;;;;;;;;;;;;;;;;;;;;;;;;;;;;;
;;;;;;;;;;;;;;;;;;;;;;;;;;;;;;;;;;;;;;;;;;;;;;;;;;;;;;
;;;;;;;;;;;;;;;;;;;;;;;;;;;;;;;;;;;;;;;;;;;;;;;;;;;;;;
;;;;;;;;;;;;;;;;;;;;;;;;;;;;;;;;;;;;;;;;;;;;;;;;;;;;;;
;;;;;;;;;;;;;;;;;;;;;;;;;;;;;;;;;;;;;;;;;;;;;;;;;;;;;;
;;;;;;;;;;;;;;;;;;;;;;;;;;;;;;;;;;;;;;;;;;;;;;;;;;;;;;
;;;;;;;;;;;;;;;;;;;;;;;;;;;;;;;;;;;;;;;;;;;;;;;;;;;;;;
;;;;;;;;;;;;;;;;;;;;;;;;;;;;;;;;;;;;;;;;;;;;;;;;;;;;;;
;;;;;;;;;;;;;;;;;;;;;;;;;;;;;;;;;;;;;;;;;;;;;;;;;;;;;;
;;;;;;;;;;;;;;;;;;;;;;;;;;;;;;;;;;;;;;;;;;;;;;;;;;;;;;
;;;;;;;;;;;;;;;;;;;;;;;;;;;;;;;;;;;;;;;;;;;;;;;;;;;;;;
;;;;;;;;;;;;;;;;;;;;;;;;;;;;;;;;;;;;;;;;;;;;;;;;;;;;;;
;;;;;;;;;;;;;;;;;;;;;;;;;;;;;;;;;;;;;;;;;;;;;;;;;;;;;;
;;;;;;;;;;;;;;;;;;;;;;;;;;;;;;;;;;;;;;;;;;;;;;;;;;;;;;
;;;;;;;;;;;;;;;;;;;;;;;;;;;;;;;;;;;;;;;;;;;;;;;;;;;;;;
;;;;;;;;;;;;;;;;;;;;;;;;;;;;;;;;;;;;;;;;;;;;;;;;;;;;;;
;;;;;;;;;;;;;;;;;;;;;;;;;;;;;;;;;;;;;;;;;;;;;;;;;;;;;;
;;;;;;;;;;;;;;;;;;;;;;;;;;;;;;;;;;;;;;;;;;;;;;;;;;;;;;
;;;;;;;;;;;;;;;;;;;;;;;;;;;;;;;;;;;;;;;;;;;;;;;;;;;;;;
;;;;;;;;;;;;;;;;;;;;;;;;;;;;;;;;;;;;;;;;;;;;;;;;;;;;;;
;;;;;;;;;;;;;;;;;;;;;;;;;;;;;;;;;;;;;;;;;;;;;;;;;;;;;;
;;;;;;;;;;;;;;;;;;;;;;;;;;;;;;;;;;;;;;;;;;;;;;;;;;;;;;
;;;;;;;;;;;;;;;;;;;;;;;;;;;;;;;;;;;;;;;;;;;;;;;;;;;;;;
;;;;;;;;;;;;;;;;;;;;;;;;;;;;;;;;;;;;;;;;;;;;;;;;;;;;;;
;;;;;;;;;;;;;;;;;;;;;;;;;;;;;;;;;;;;;;;;;;;;;;;;;;;;;;
;;;;;;;;;;;;;;;;;;;;;;;;;;;;;;;;;;;;;;;;;;;;;;;;;;;;;;
;;;;;;;;;;;;;;;;;;;;;;;;;;;;;;;;;;;;;;;;;;;;;;;;;;;;;;
;;;;;;;;;;;;;;;;;;;;;;;;;;;;;;;;;;;;;;;;;;;;;;;;;;;;;;
;;;;;;;;;;;;;;;;;;;;;;;;;;;;;;;;;;;;;;;;;;;;;;;;;;;;;;
;;;;;;;;;;;;;;;;;;;;;;;;;;;;;;;;;;;;;;;;;;;;;;;;;;;;;;
;;;;;;;;;;;;;;;;;;;;;;;;;;;;;;;;;;;;;;;;;;;;;;;;;;;;;;
;;;;;;;;;;;;;;;;;;;;;;;;;;;;;;;;;;;;;;;;;;;;;;;;;;;;;;
;;;;;;;;;;;;;;;;;;;;;;;;;;;;;;;;;;;;;;;;;;;;;;;;;;;;;;
;;;;;;;;;;;;;;;;;;;;;;;;;;;;;;;;;;;;;;;;;;;;;;;;;;;;;;
;;;;;;;;;;;;;;;;;;;;;;;;;;;;;;;;;;;;;;;;;;;;;;;;;;;;;;
;;;;;;;;;;;;;;;;;;;;;;;;;;;;;;;;;;;;;;;;;;;;;;;;;;;;;;
;;;;;;;;;;;;;;;;;;;;;;;;;;;;;;;;;;;;;;;;;;;;;;;;;;;;;;
;;;;;;;;;;;;;;;;;;;;;;;;;;;;;;;;;;;;;;;;;;;;;;;;;;;;;;
;;;;;;;;;;;;;;;;;;;;;;;;;;;;;;;;;;;;;;;;;;;;;;;;;;;;;;
;;;;;;;;;;;;;;;;;;;;;;;;;;;;;;;;;;;;;;;;;;;;;;;;;;;;;;
;;;;;;;;;;;;;;;;;;;;;;;;;;;;;;;;;;;;;;;;;;;;;;;;;;;;;;
;;;;;;;;;;;;;;;;;;;;;;;;;;;;;;;;;;;;;;;;;;;;;;;;;;;;;;
;;;;;;;;;;;;;;;;;;;;;;;;;;;;;;;;;;;;;;;;;;;;;;;;;;;;;;
;;;;;;;;;;;;;;;;;;;;;;;;;;;;;;;;;;;;;;;;;;;;;;;;;;;;;;
;;;;;;;;;;;;;;;;;;;;;;;;;;;;;;;;;;;;;;;;;;;;;;;;;;;;;;
;;;;;;;;;;;;;;;;;;;;;;;;;;;;;;;;;;;;;;;;;;;;;;;;;;;;;;
;;;;;;;;;;;;;;;;;;;;;;;;;;;;;;;;;;;;;;;;;;;;;;;;;;;;;;
;;;;;;;;;;;;;;;;;;;;;;;;;;;;;;;;;;;;;;;;;;;;;;;;;;;;;;
;;;;;;;;;;;;;;;;;;;;;;;;;;;;;;;;;;;;;;;;;;;;;;;;;;;;;;
;;;;;;;;;;;;;;;;;;;;;;;;;;;;;;;;;;;;;;;;;;;;;;;;;;;;;;
;;;;;;;;;;;;;;;;;;;;;;;;;;;;;;;;;;;;;;;;;;;;;;;;;;;;;;
;;;;;;;;;;;;;;;;;;;;;;;;;;;;;;;;;;;;;;;;;;;;;;;;;;;;;;
;;;;;;;;;;;;;;;;;;;;;;;;;;;;;;;;;;;;;;;;;;;;;;;;;;;;;;
;;;;;;;;;;;;;;;;;;;;;;;;;;;;;;;;;;;;;;;;;;;;;;;;;;;;;;
;;;;;;;;;;;;;;;;;;;;;;;;;;;;;;;;;;;;;;;;;;;;;;;;;;;;;;
;;;;;;;;;;;;;;;;;;;;;;;;;;;;;;;;;;;;;;;;;;;;;;;;;;;;;;
;;;;;;;;;;;;;;;;;;;;;;;;;;;;;;;;;;;;;;;;;;;;;;;;;;;;;;
;;;;;;;;;;;;;;;;;;;;;;;;;;;;;;;;;;;;;;;;;;;;;;;;;;;;;;
;;;;;;;;;;;;;;;;;;;;;;;;;;;;;;;;;;;;;;;;;;;;;;;;;;;;;;
;;;;;;;;;;;;;;;;;;;;;;;;;;;;;;;;;;;;;;;;;;;;;;;;;;;;;;
;;;;;;;;;;;;;;;;;;;;;;;;;;;;;;;;;;;;;;;;;;;;;;;;;;;;;;
;;;;;;;;;;;;;;;;;;;;;;;;;;;;;;;;;;;;;;;;;;;;;;;;;;;;;;
;;;;;;;;;;;;;;;;;;;;;;;;;;;;;;;;;;;;;;;;;;;;;;;;;;;;;;
;;;;;;;;;;;;;;;;;;;;;;;;;;;;;;;;;;;;;;;;;;;;;;;;;;;;;;
;;;;;;;;;;;;;;;;;;;;;;;;;;;;;;;;;;;;;;;;;;;;;;;;;;;;;;
;;;;;;;;;;;;;;;;;;;;;;;;;;;;;;;;;;;;;;;;;;;;;;;;;;;;;;
;;;;;;;;;;;;;;;;;;;;;;;;;;;;;;;;;;;;;;;;;;;;;;;;;;;;;;
;;;;;;;;;;;;;;;;;;;;;;;;;;;;;;;;;;;;;;;;;;;;;;;;;;;;;;
;;;;;;;;;;;;;;;;;;;;;;;;;;;;;;;;;;;;;;;;;;;;;;;;;;;;;;
;;;;;;;;;;;;;;;;;;;;;;;;;;;;;;;;;;;;;;;;;;;;;;;;;;;;;;
;;;;;;;;;;;;;;;;;;;;;;;;;;;;;;;;;;;;;;;;;;;;;;;;;;;;;;
;;;;;;;;;;;;;;;;;;;;;;;;;;;;;;;;;;;;;;;;;;;;;;;;;;;;;;
;;;;;;;;;;;;;;;;;;;;;;;;;;;;;;;;;;;;;;;;;;;;;;;;;;;;;;
;;;;;;;;;;;;;;;;;;;;;;;;;;;;;;;;;;;;;;;;;;;;;;;;;;;;;;
;;;;;;;;;;;;;;;;;;;;;;;;;;;;;;;;;;;;;;;;;;;;;;;;;;;;;;
;;;;;;;;;;;;;;;;;;;;;;;;;;;;;;;;;;;;;;;;;;;;;;;;;;;;;;
;;;;;;;;;;;;;;;;;;;;;;;;;;;;;;;;;;;;;;;;;;;;;;;;;;;;;;
;;;;;;;;;;;;;;;;;;;;;;;;;;;;;;;;;;;;;;;;;;;;;;;;;;;;;;
;;;;;;;;;;;;;;;;;;;;;;;;;;;;;;;;;;;;;;;;;;;;;;;;;;;;;;
;;;;;;;;;;;;;;;;;;;;;;;;;;;;;;;;;;;;;;;;;;;;;;;;;;;;;;
;;;;;;;;;;;;;;;;;;;;;;;;;;;;;;;;;;;;;;;;;;;;;;;;;;;;;;
;;;;;;;;;;;;;;;;;;;;;;;;;;;;;;;;;;;;;;;;;;;;;;;;;;;;;;
;;;;;;;;;;;;;;;;;;;;;;;;;;;;;;;;;;;;;;;;;;;;;;;;;;;;;;
;;;;;;;;;;;;;;;;;;;;;;;;;;;;;;;;;;;;;;;;;;;;;;;;;;;;;;
;;;;;;;;;;;;;;;;;;;;;;;;;;;;;;;;;;;;;;;;;;;;;;;;;;;;;;
;;;;;;;;;;;;;;;;;;;;;;;;;;;;;;;;;;;;;;;;;;;;;;;;;;;;;;
;;;;;;;;;;;;;;;;;;;;;;;;;;;;;;;;;;;;;;;;;;;;;;;;;;;;;;
;;;;;;;;;;;;;;;;;;;;;;;;;;;;;;;;;;;;;;;;;;;;;;;;;;;;;;
;;;;;;;;;;;;;;;;;;;;;;;;;;;;;;;;;;;;;;;;;;;;;;;;;;;;;;
;;;;;;;;;;;;;;;;;;;;;;;;;;;;;;;;;;;;;;;;;;;;;;;;;;;;;;
;;;;;;;;;;;;;;;;;;;;;;;;;;;;;;;;;;;;;;;;;;;;;;;;;;;;;;
;;;;;;;;;;;;;;;;;;;;;;;;;;;;;;;;;;;;;;;;;;;;;;;;;;;;;;
;;;;;;;;;;;;;;;;;;;;;;;;;;;;;;;;;;;;;;;;;;;;;;;;;;;;;;
;;;;;;;;;;;;;;;;;;;;;;;;;;;;;;;;;;;;;;;;;;;;;;;;;;;;;;
;;;;;;;;;;;;;;;;;;;;;;;;;;;;;;;;;;;;;;;;;;;;;;;;;;;;;;
;;;;;;;;;;;;;;;;;;;;;;;;;;;;;;;;;;;;;;;;;;;;;;;;;;;;;;
;;;;;;;;;;;;;;;;;;;;;;;;;;;;;;;;;;;;;;;;;;;;;;;;;;;;;;
;;;;;;;;;;;;;;;;;;;;;;;;;;;;;;;;;;;;;;;;;;;;;;;;;;;;;;
;;;;;;;;;;;;;;;;;;;;;;;;;;;;;;;;;;;;;;;;;;;;;;;;;;;;;;
;;;;;;;;;;;;;;;;;;;;;;;;;;;;;;;;;;;;;;;;;;;;;;;;;;;;;;
;;;;;;;;;;;;;;;;;;;;;;;;;;;;;;;;;;;;;;;;;;;;;;;;;;;;;;
;;;;;;;;;;;;;;;;;;;;;;;;;;;;;;;;;;;;;;;;;;;;;;;;;;;;;;
;;;;;;;;;;;;;;;;;;;;;;;;;;;;;;;;;;;;;;;;;;;;;;;;;;;;;;
;;;;;;;;;;;;;;;;;;;;;;;;;;;;;;;;;;;;;;;;;;;;;;;;;;;;;;
;;;;;;;;;;;;;;;;;;;;;;;;;;;;;;;;;;;;;;;;;;;;;;;;;;;;;;
;;;;;;;;;;;;;;;;;;;;;;;;;;;;;;;;;;;;;;;;;;;;;;;;;;;;;;
;;;;;;;;;;;;;;;;;;;;;;;;;;;;;;;;;;;;;;;;;;;;;;;;;;;;;;
;;;;;;;;;;;;;;;;;;;;;;;;;;;;;;;;;;;;;;;;;;;;;;;;;;;;;;
;;;;;;;;;;;;;;;;;;;;;;;;;;;;;;;;;;;;;;;;;;;;;;;;;;;;;;
;;;;;;;;;;;;;;;;;;;;;;;;;;;;;;;;;;;;;;;;;;;;;;;;;;;;;;
;;;;;;;;;;;;;;;;;;;;;;;;;;;;;;;;;;;;;;;;;;;;;;;;;;;;;;
;;;;;;;;;;;;;;;;;;;;;;;;;;;;;;;;;;;;;;;;;;;;;;;;;;;;;;
;;;;;;;;;;;;;;;;;;;;;;;;;;;;;;;;;;;;;;;;;;;;;;;;;;;;;;
;;;;;;;;;;;;;;;;;;;;;;;;;;;;;;;;;;;;;;;;;;;;;;;;;;;;;;
;;;;;;;;;;;;;;;;;;;;;;;;;;;;;;;;;;;;;;;;;;;;;;;;;;;;;;
;;;;;;;;;;;;;;;;;;;;;;;;;;;;;;;;;;;;;;;;;;;;;;;;;;;;;;
;;;;;;;;;;;;;;;;;;;;;;;;;;;;;;;;;;;;;;;;;;;;;;;;;;;;;;
;;;;;;;;;;;;;;;;;;;;;;;;;;;;;;;;;;;;;;;;;;;;;;;;;;;;;;
;;;;;;;;;;;;;;;;;;;;;;;;;;;;;;;;;;;;;;;;;;;;;;;;;;;;;;
;;;;;;;;;;;;;;;;;;;;;;;;;;;;;;;;;;;;;;;;;;;;;;;;;;;;;;
;;;;;;;;;;;;;;;;;;;;;;;;;;;;;;;;;;;;;;;;;;;;;;;;;;;;;;
;;;;;;;;;;;;;;;;;;;;;;;;;;;;;;;;;;;;;;;;;;;;;;;;;;;;;;
;;;;;;;;;;;;;;;;;;;;;;;;;;;;;;;;;;;;;;;;;;;;;;;;;;;;;;
;;;;;;;;;;;;;;;;;;;;;;;;;;;;;;;;;;;;;;;;;;;;;;;;;;;;;;
;;;;;;;;;;;;;;;;;;;;;;;;;;;;;;;;;;;;;;;;;;;;;;;;;;;;;;
;;;;;;;;;;;;;;;;;;;;;;;;;;;;;;;;;;;;;;;;;;;;;;;;;;;;;;
;;;;;;;;;;;;;;;;;;;;;;;;;;;;;;;;;;;;;;;;;;;;;;;;;;;;;;
;;;;;;;;;;;;;;;;;;;;;;;;;;;;;;;;;;;;;;;;;;;;;;;;;;;;;;
;;;;;;;;;;;;;;;;;;;;;;;;;;;;;;;;;;;;;;;;;;;;;;;;;;;;;;
;;;;;;;;;;;;;;;;;;;;;;;;;;;;;;;;;;;;;;;;;;;;;;;;;;;;;;
;;;;;;;;;;;;;;;;;;;;;;;;;;;;;;;;;;;;;;;;;;;;;;;;;;;;;;
;;;;;;;;;;;;;;;;;;;;;;;;;;;;;;;;;;;;;;;;;;;;;;;;;;;;;;
;;;;;;;;;;;;;;;;;;;;;;;;;;;;;;;;;;;;;;;;;;;;;;;;;;;;;;
;;;;;;;;;;;;;;;;;;;;;;;;;;;;;;;;;;;;;;;;;;;;;;;;;;;;;;
;;;;;;;;;;;;;;;;;;;;;;;;;;;;;;;;;;;;;;;;;;;;;;;;;;;;;;
;;;;;;;;;;;;;;;;;;;;;;;;;;;;;;;;;;;;;;;;;;;;;;;;;;;;;;
;;;;;;;;;;;;;;;;;;;;;;;;;;;;;;;;;;;;;;;;;;;;;;;;;;;;;;
;;;;;;;;;;;;;;;;;;;;;;;;;;;;;;;;;;;;;;;;;;;;;;;;;;;;;;
;;;;;;;;;;;;;;;;;;;;;;;;;;;;;;;;;;;;;;;;;;;;;;;;;;;;;;
;;;;;;;;;;;;;;;;;;;;;;;;;;;;;;;;;;;;;;;;;;;;;;;;;;;;;;
;;;;;;;;;;;;;;;;;;;;;;;;;;;;;;;;;;;;;;;;;;;;;;;;;;;;;;
;;;;;;;;;;;;;;;;;;;;;;;;;;;;;;;;;;;;;;;;;;;;;;;;;;;;;;
;;;;;;;;;;;;;;;;;;;;;;;;;;;;;;;;;;;;;;;;;;;;;;;;;;;;;;
;;;;;;;;;;;;;;;;;;;;;;;;;;;;;;;;;;;;;;;;;;;;;;;;;;;;;;
;;;;;;;;;;;;;;;;;;;;;;;;;;;;;;;;;;;;;;;;;;;;;;;;;;;;;;
;;;;;;;;;;;;;;;;;;;;;;;;;;;;;;;;;;;;;;;;;;;;;;;;;;;;;;
;;;;;;;;;;;;;;;;;;;;;;;;;;;;;;;;;;;;;;;;;;;;;;;;;;;;;;
;;;;;;;;;;;;;;;;;;;;;;;;;;;;;;;;;;;;;;;;;;;;;;;;;;;;;;
;;;;;;;;;;;;;;;;;;;;;;;;;;;;;;;;;;;;;;;;;;;;;;;;;;;;;;
;;;;;;;;;;;;;;;;;;;;;;;;;;;;;;;;;;;;;;;;;;;;;;;;;;;;;;
;;;;;;;;;;;;;;;;;;;;;;;;;;;;;;;;;;;;;;;;;;;;;;;;;;;;;;
;;;;;;;;;;;;;;;;;;;;;;;;;;;;;;;;;;;;;;;;;;;;;;;;;;;;;;
;;;;;;;;;;;;;;;;;;;;;;;;;;;;;;;;;;;;;;;;;;;;;;;;;;;;;;
;;;;;;;;;;;;;;;;;;;;;;;;;;;;;;;;;;;;;;;;;;;;;;;;;;;;;;
;;;;;;;;;;;;;;;;;;;;;;;;;;;;;;;;;;;;;;;;;;;;;;;;;;;;;;
;;;;;;;;;;;;;;;;;;;;;;;;;;;;;;;;;;;;;;;;;;;;;;;;;;;;;;
;;;;;;;;;;;;;;;;;;;;;;;;;;;;;;;;;;;;;;;;;;;;;;;;;;;;;;
;;;;;;;;;;;;;;;;;;;;;;;;;;;;;;;;;;;;;;;;;;;;;;;;;;;;;;
;;;;;;;;;;;;;;;;;;;;;;;;;;;;;;;;;;;;;;;;;;;;;;;;;;;;;;
;;;;;;;;;;;;;;;;;;;;;;;;;;;;;;;;;;;;;;;;;;;;;;;;;;;;;;
;;;;;;;;;;;;;;;;;;;;;;;;;;;;;;;;;;;;;;;;;;;;;;;;;;;;;;
;;;;;;;;;;;;;;;;;;;;;;;;;;;;;;;;;;;;;;;;;;;;;;;;;;;;;;
;;;;;;;;;;;;;;;;;;;;;;;;;;;;;;;;;;;;;;;;;;;;;;;;;;;;;;
;;;;;;;;;;;;;;;;;;;;;;;;;;;;;;;;;;;;;;;;;;;;;;;;;;;;;;
;;;;;;;;;;;;;;;;;;;;;;;;;;;;;;;;;;;;;;;;;;;;;;;;;;;;;;
;;;;;;;;;;;;;;;;;;;;;;;;;;;;;;;;;;;;;;;;;;;;;;;;;;;;;;
;;;;;;;;;;;;;;;;;;;;;;;;;;;;;;;;;;;;;;;;;;;;;;;;;;;;;;
;;;;;;;;;;;;;;;;;;;;;;;;;;;;;;;;;;;;;;;;;;;;;;;;;;;;;;
