Product ID*;;Attribute (Name:Type:Position)*;Value (Value:Position)*;Supplier reference;Reference;EAN13;UPC;Wholesale price;Impact on price;Ecotax;Quantity;Minimal quantity;Impact on weight;Default (0 = No, 1 = Yes);Combination available date;Image position;Image URL;Delete existing images (0 = No, 1 = Yes);ID / Name of shop;Advanced Stock Managment;Depends on stock;Warehouse
85558;;Taille Casque:select:0;L:4;DMD351-L;DMD351-L;;;;;;0;;;;;;;;;;;
85558;;Taille Casque:select:0;M:3;DMD351-M;DMD351-M;;;;;;0;;;;;;;;;;;
85558;;Taille Casque:select:0;S:2;DMD351-S;DMD351-S;;;;;;0;;;;;;;;;;;
85558;;Taille Casque:select:0;XL:6;DMD351-XL;DMD351-XL;;;;;;0;;;;;;;;;;;
85558;;Taille Casque:select:0;XS:1;DMD351-XS;DMD351-XS;;;;;;0;;;;;;;;;;;
85559;;Taille Casque:select:0;L:4;DMD352-L;DMD352-L;;;;;;0;;;;;;;;;;;
85559;;Taille Casque:select:0;M:3;DMD352-M;DMD352-M;;;;;;0;;;;;;;;;;;
85559;;Taille Casque:select:0;S:2;DMD352-S;DMD352-S;;;;;;0;;;;;;;;;;;
85559;;Taille Casque:select:0;XL:6;DMD352-XL;DMD352-XL;;;;;;0;;;;;;;;;;;
85559;;Taille Casque:select:0;XS:1;DMD352-XS;DMD352-XS;;;;;;0;;;;;;;;;;;
85560;;Taille Casque:select:0;L:4;DMD353-L;DMD353-L;;;;;;0;;;;;;;;;;;
85560;;Taille Casque:select:0;M:3;DMD353-M;DMD353-M;;;;;;0;;;;;;;;;;;
85560;;Taille Casque:select:0;S:2;DMD353-S;DMD353-S;;;;;;0;;;;;;;;;;;
85560;;Taille Casque:select:0;XL:6;DMD353-XL;DMD353-XL;;;;;;0;;;;;;;;;;;
85560;;Taille Casque:select:0;XS:1;DMD353-XS;DMD353-XS;;;;;;0;;;;;;;;;;;
85561;;Taille Casque:select:0;2XL:5;DMD701-2XL;DMD701-2XL;;;;;;0;;;;;;;;;;;
85561;;Taille Casque:select:0;L:4;DMD701-L;DMD701-L;;;;;;0;;;;;;;;;;;
85561;;Taille Casque:select:0;M:3;DMD701-M;DMD701-M;;;;;;0;;;;;;;;;;;
85561;;Taille Casque:select:0;S:2;DMD701-S;DMD701-S;;;;;;0;;;;;;;;;;;
85561;;Taille Casque:select:0;XL:6;DMD701-XL;DMD701-XL;;;;;;0;;;;;;;;;;;
85561;;Taille Casque:select:0;XS:1;DMD701-XS;DMD701-XS;;;;;;0;;;;;;;;;;;
85562;;Taille Casque:select:0;2XL:5;DMD702-2XL;DMD702-2XL;;;;;;0;;;;;;;;;;;
85562;;Taille Casque:select:0;L:4;DMD702-L;DMD702-L;;;;;;0;;;;;;;;;;;
85562;;Taille Casque:select:0;M:3;DMD702-M;DMD702-M;;;;;;0;;;;;;;;;;;
85562;;Taille Casque:select:0;S:2;DMD702-S;DMD702-S;;;;;;0;;;;;;;;;;;
85562;;Taille Casque:select:0;XL:6;DMD702-XL;DMD702-XL;;;;;;0;;;;;;;;;;;
85562;;Taille Casque:select:0;XS:1;DMD702-XS;DMD702-XS;;;;;;0;;;;;;;;;;;
85563;;Taille Casque:select:0;2XL:5;DMD703-2XL;DMD703-2XL;;;;;;0;;;;;;;;;;;
85563;;Taille Casque:select:0;L:4;DMD703-L;DMD703-L;;;;;;0;;;;;;;;;;;
85563;;Taille Casque:select:0;M:3;DMD703-M;DMD703-M;;;;;;0;;;;;;;;;;;
85563;;Taille Casque:select:0;S:2;DMD703-S;DMD703-S;;;;;;0;;;;;;;;;;;
85563;;Taille Casque:select:0;XL:6;DMD703-XL;DMD703-XL;;;;;;0;;;;;;;;;;;
85563;;Taille Casque:select:0;XS:1;DMD703-XS;DMD703-XS;;;;;;0;;;;;;;;;;;
85564;;Taille Casque:select:0;2XL:5;DMD721-2XL;DMD721-2XL;;;;;;0;;;;;;;;;;;
85564;;Taille Casque:select:0;L:4;DMD721-L;DMD721-L;;;;;;0;;;;;;;;;;;
85564;;Taille Casque:select:0;M:3;DMD721-M;DMD721-M;;;;;;0;;;;;;;;;;;
85564;;Taille Casque:select:0;S:2;DMD721-S;DMD721-S;;;;;;0;;;;;;;;;;;
85564;;Taille Casque:select:0;XL:6;DMD721-XL;DMD721-XL;;;;;;0;;;;;;;;;;;
85564;;Taille Casque:select:0;XS:1;DMD721-XS;DMD721-XS;;;;;;0;;;;;;;;;;;
85565;;Taille Casque:select:0;2XL:5;DMD751-2XL;DMD751-2XL;;;;;;0;;;;;;;;;;;
85565;;Taille Casque:select:0;L:4;DMD751-L;DMD751-L;;;;;;0;;;;;;;;;;;
85565;;Taille Casque:select:0;M:3;DMD751-M;DMD751-M;;;;;;0;;;;;;;;;;;
85565;;Taille Casque:select:0;S:2;DMD751-S;DMD751-S;;;;;;0;;;;;;;;;;;
85565;;Taille Casque:select:0;XL:6;DMD751-XL;DMD751-XL;;;;;;0;;;;;;;;;;;
85565;;Taille Casque:select:0;XS:1;DMD751-XS;DMD751-XS;;;;;;0;;;;;;;;;;;
85566;;Taille Casque:select:0;2XL:5;DMD752-2XL;DMD752-2XL;;;;;;0;;;;;;;;;;;
85566;;Taille Casque:select:0;L:4;DMD752-L;DMD752-L;;;;;;0;;;;;;;;;;;
85566;;Taille Casque:select:0;M:3;DMD752-M;DMD752-M;;;;;;0;;;;;;;;;;;
85566;;Taille Casque:select:0;S:2;DMD752-S;DMD752-S;;;;;;0;;;;;;;;;;;
85566;;Taille Casque:select:0;XL:6;DMD752-XL;DMD752-XL;;;;;;0;;;;;;;;;;;
85566;;Taille Casque:select:0;XS:1;DMD752-XS;DMD752-XS;;;;;;0;;;;;;;;;;;
85567;;Taille Casque:select:0;2XL:5;DMD753-2XL;DMD753-2XL;;;;;;0;;;;;;;;;;;
85567;;Taille Casque:select:0;L:4;DMD753-L;DMD753-L;;;;;;0;;;;;;;;;;;
85567;;Taille Casque:select:0;M:3;DMD753-M;DMD753-M;;;;;;0;;;;;;;;;;;
85567;;Taille Casque:select:0;S:2;DMD753-S;DMD753-S;;;;;;0;;;;;;;;;;;
85567;;Taille Casque:select:0;XL:6;DMD753-XL;DMD753-XL;;;;;;0;;;;;;;;;;;
85567;;Taille Casque:select:0;XS:1;DMD753-XS;DMD753-XS;;;;;;0;;;;;;;;;;;
85568;;Taille Casque:select:0;2XL:5;DMD754-2XL;DMD754-2XL;;;;;;0;;;;;;;;;;;
85568;;Taille Casque:select:0;L:4;DMD754-L;DMD754-L;;;;;;1;;;;;;;;;;;
85568;;Taille Casque:select:0;M:3;DMD754-M;DMD754-M;;;;;;0;;;;;;;;;;;
85568;;Taille Casque:select:0;S:2;DMD754-S;DMD754-S;;;;;;0;;;;;;;;;;;
85568;;Taille Casque:select:0;XL:6;DMD754-XL;DMD754-XL;;;;;;0;;;;;;;;;;;
85568;;Taille Casque:select:0;XS:1;DMD754-XS;DMD754-XS;;;;;;0;;;;;;;;;;;
85569;;Taille Casque:select:0;2XL:5;DMD771-2XL;DMD771-2XL;;;;;;0;;;;;;;;;;;
85569;;Taille Casque:select:0;L:4;DMD771-L;DMD771-L;;;;;;0;;;;;;;;;;;
85569;;Taille Casque:select:0;M:3;DMD771-M;DMD771-M;;;;;;0;;;;;;;;;;;
85569;;Taille Casque:select:0;S:2;DMD771-S;DMD771-S;;;;;;0;;;;;;;;;;;
85569;;Taille Casque:select:0;XL:6;DMD771-XL;DMD771-XL;;;;;;0;;;;;;;;;;;
85569;;Taille Casque:select:0;XS:1;DMD771-XS;DMD771-XS;;;;;;0;;;;;;;;;;;
85570;;Taille Casque:select:0;2XL:5;DMD801-2XL;DMD801-2XL;;;;;;0;;;;;;;;;;;
85570;;Taille Casque:select:0;L:4;DMD801-L;DMD801-L;;;;;;0;;;;;;;;;;;
85570;;Taille Casque:select:0;M:3;DMD801-M;DMD801-M;;;;;;0;;;;;;;;;;;
85570;;Taille Casque:select:0;S:2;DMD801-S;DMD801-S;;;;;;0;;;;;;;;;;;
85570;;Taille Casque:select:0;XL:6;DMD801-XL;DMD801-XL;;;;;;0;;;;;;;;;;;
85570;;Taille Casque:select:0;XS:1;DMD801-XS;DMD801-XS;;;;;;0;;;;;;;;;;;
85571;;Taille Casque:select:0;2XL:5;DMD802-2XL;DMD802-2XL;;;;;;0;;;;;;;;;;;
85571;;Taille Casque:select:0;L:4;DMD802-L;DMD802-L;;;;;;0;;;;;;;;;;;
85571;;Taille Casque:select:0;M:3;DMD802-M;DMD802-M;;;;;;0;;;;;;;;;;;
85571;;Taille Casque:select:0;S:2;DMD802-S;DMD802-S;;;;;;0;;;;;;;;;;;
85571;;Taille Casque:select:0;XL:6;DMD802-XL;DMD802-XL;;;;;;0;;;;;;;;;;;
85571;;Taille Casque:select:0;XS:1;DMD802-XS;DMD802-XS;;;;;;0;;;;;;;;;;;
85572;;Taille Casque:select:0;2XL:5;DMD803-2XL;DMD803-2XL;;;;;;0;;;;;;;;;;;
85572;;Taille Casque:select:0;L:4;DMD803-L;DMD803-L;;;;;;0;;;;;;;;;;;
85572;;Taille Casque:select:0;M:3;DMD803-M;DMD803-M;;;;;;0;;;;;;;;;;;
85572;;Taille Casque:select:0;S:2;DMD803-S;DMD803-S;;;;;;0;;;;;;;;;;;
85572;;Taille Casque:select:0;XL:6;DMD803-XL;DMD803-XL;;;;;;0;;;;;;;;;;;
85572;;Taille Casque:select:0;XS:1;DMD803-XS;DMD803-XS;;;;;;0;;;;;;;;;;;
85573;;Taille Casque:select:0;2XL:5;DMD804-2XL;DMD804-2XL;;;;;;0;;;;;;;;;;;
85573;;Taille Casque:select:0;L:4;DMD804-L;DMD804-L;;;;;;0;;;;;;;;;;;
85573;;Taille Casque:select:0;M:3;DMD804-M;DMD804-M;;;;;;0;;;;;;;;;;;
85573;;Taille Casque:select:0;S:2;DMD804-S;DMD804-S;;;;;;0;;;;;;;;;;;
85573;;Taille Casque:select:0;XL:6;DMD804-XL;DMD804-XL;;;;;;0;;;;;;;;;;;
85573;;Taille Casque:select:0;XS:1;DMD804-XS;DMD804-XS;;;;;;0;;;;;;;;;;;
85574;;Taille Casque:select:0;2XL:5;DMD805-2XL;DMD805-2XL;;;;;;0;;;;;;;;;;;
85574;;Taille Casque:select:0;L:4;DMD805-L;DMD805-L;;;;;;0;;;;;;;;;;;
85574;;Taille Casque:select:0;M:3;DMD805-M;DMD805-M;;;;;;0;;;;;;;;;;;
85574;;Taille Casque:select:0;S:2;DMD805-S;DMD805-S;;;;;;0;;;;;;;;;;;
85574;;Taille Casque:select:0;XL:6;DMD805-XL;DMD805-XL;;;;;;0;;;;;;;;;;;
85574;;Taille Casque:select:0;XS:1;DMD805-XS;DMD805-XS;;;;;;0;;;;;;;;;;;
85575;;Taille Casque:select:0;2XL:5;DMD806-2XL;DMD806-2XL;;;;;;0;;;;;;;;;;;
85575;;Taille Casque:select:0;L:4;DMD806-L;DMD806-L;;;;;;0;;;;;;;;;;;
85575;;Taille Casque:select:0;M:3;DMD806-M;DMD806-M;;;;;;0;;;;;;;;;;;
85575;;Taille Casque:select:0;S:2;DMD806-S;DMD806-S;;;;;;0;;;;;;;;;;;
85575;;Taille Casque:select:0;XL:6;DMD806-XL;DMD806-XL;;;;;;0;;;;;;;;;;;
85575;;Taille Casque:select:0;XS:1;DMD806-XS;DMD806-XS;;;;;;0;;;;;;;;;;;
85576;;Taille Casque:select:0;2XL:5;DMD821-2XL;DMD821-2XL;;;;;;0;;;;;;;;;;;
85576;;Taille Casque:select:0;L:4;DMD821-L;DMD821-L;;;;;;0;;;;;;;;;;;
85576;;Taille Casque:select:0;M:3;DMD821-M;DMD821-M;;;;;;0;;;;;;;;;;;
85576;;Taille Casque:select:0;S:2;DMD821-S;DMD821-S;;;;;;0;;;;;;;;;;;
85576;;Taille Casque:select:0;XL:6;DMD821-XL;DMD821-XL;;;;;;0;;;;;;;;;;;
85576;;Taille Casque:select:0;XS:1;DMD821-XS;DMD821-XS;;;;;;0;;;;;;;;;;;
85577;;Taille Casque:select:0;2XL:5;DMD822-2XL;DMD822-2XL;;;;;;0;;;;;;;;;;;
85577;;Taille Casque:select:0;L:4;DMD822-L;DMD822-L;;;;;;0;;;;;;;;;;;
85577;;Taille Casque:select:0;M:3;DMD822-M;DMD822-M;;;;;;0;;;;;;;;;;;
85577;;Taille Casque:select:0;S:2;DMD822-S;DMD822-S;;;;;;0;;;;;;;;;;;
85577;;Taille Casque:select:0;XL:6;DMD822-XL;DMD822-XL;;;;;;0;;;;;;;;;;;
85577;;Taille Casque:select:0;XS:1;DMD822-XS;DMD822-XS;;;;;;0;;;;;;;;;;;
85520;;Taille Casque:select:0;L:4;DMD104-L;DMD104-L;;;;;;1;;;;;;;;;;;
85520;;Taille Casque:select:0;M:3;DMD104-M;DMD104-M;;;;;;0;;;;;;;;;;;
85520;;Taille Casque:select:0;S:2;DMD104-S;DMD104-S;;;;;;0;;;;;;;;;;;
85520;;Taille Casque:select:0;XL:6;DMD104-XL;DMD104-XL;;;;;;1;;;;;;;;;;;
85520;;Taille Casque:select:0;XS:1;DMD104-XS;DMD104-XS;;;;;;0;;;;;;;;;;;
85521;;Taille Casque:select:0;L:4;DMD105-L;DMD105-L;;;;;;0;;;;;;;;;;;
85521;;Taille Casque:select:0;M:3;DMD105-M;DMD105-M;;;;;;0;;;;;;;;;;;
85521;;Taille Casque:select:0;S:2;DMD105-S;DMD105-S;;;;;;1;;;;;;;;;;;
85521;;Taille Casque:select:0;XL:6;DMD105-XL;DMD105-XL;;;;;;0;;;;;;;;;;;
85521;;Taille Casque:select:0;XS:1;DMD105-XS;DMD105-XS;;;;;;1;;;;;;;;;;;
85522;;Taille Casque:select:0;L:4;DMD106-L;DMD106-L;;;;;;0;;;;;;;;;;;
85522;;Taille Casque:select:0;M:3;DMD106-M;DMD106-M;;;;;;0;;;;;;;;;;;
85522;;Taille Casque:select:0;S:2;DMD106-S;DMD106-S;;;;;;1;;;;;;;;;;;
85522;;Taille Casque:select:0;XL:6;DMD106-XL;DMD106-XL;;;;;;0;;;;;;;;;;;
85522;;Taille Casque:select:0;XS:1;DMD106-XS;DMD106-XS;;;;;;1;;;;;;;;;;;
85523;;Taille Casque:select:0;L:4;DMD107-L;DMD107-L;;;;;;0;;;;;;;;;;;
85523;;Taille Casque:select:0;M:3;DMD107-M;DMD107-M;;;;;;0;;;;;;;;;;;
85523;;Taille Casque:select:0;S:2;DMD107-S;DMD107-S;;;;;;0;;;;;;;;;;;
85523;;Taille Casque:select:0;XL:6;DMD107-XL;DMD107-XL;;;;;;0;;;;;;;;;;;
85523;;Taille Casque:select:0;XS:1;DMD107-XS;DMD107-XS;;;;;;0;;;;;;;;;;;
85524;;Taille Casque:select:0;L:4;DMD126-L;DMD126-L;;;;;;0;;;;;;;;;;;
85524;;Taille Casque:select:0;M:3;DMD126-M;DMD126-M;;;;;;0;;;;;;;;;;;
85524;;Taille Casque:select:0;S:2;DMD126-S;DMD126-S;;;;;;0;;;;;;;;;;;
85524;;Taille Casque:select:0;XL:6;DMD126-XL;DMD126-XL;;;;;;0;;;;;;;;;;;
85524;;Taille Casque:select:0;XS:1;DMD126-XS;DMD126-XS;;;;;;0;;;;;;;;;;;
85525;;Taille Casque:select:0;L:4;DMD127-L;DMD127-L;;;;;;0;;;;;;;;;;;
85525;;Taille Casque:select:0;M:3;DMD127-M;DMD127-M;;;;;;0;;;;;;;;;;;
85525;;Taille Casque:select:0;S:2;DMD127-S;DMD127-S;;;;;;0;;;;;;;;;;;
85525;;Taille Casque:select:0;XL:6;DMD127-XL;DMD127-XL;;;;;;0;;;;;;;;;;;
85525;;Taille Casque:select:0;XS:1;DMD127-XS;DMD127-XS;;;;;;0;;;;;;;;;;;
85526;;Taille Casque:select:0;L:4;DMD128-L;DMD128-L;;;;;;0;;;;;;;;;;;
85526;;Taille Casque:select:0;M:3;DMD128-M;DMD128-M;;;;;;0;;;;;;;;;;;
85526;;Taille Casque:select:0;S:2;DMD128-S;DMD128-S;;;;;;0;;;;;;;;;;;
85526;;Taille Casque:select:0;XL:6;DMD128-XL;DMD128-XL;;;;;;0;;;;;;;;;;;
85526;;Taille Casque:select:0;XS:1;DMD128-XS;DMD128-XS;;;;;;0;;;;;;;;;;;
85527;;Taille Casque:select:0;L:4;DMD129-L;DMD129-L;;;;;;0;;;;;;;;;;;
85527;;Taille Casque:select:0;M:3;DMD129-M;DMD129-M;;;;;;0;;;;;;;;;;;
85527;;Taille Casque:select:0;S:2;DMD129-S;DMD129-S;;;;;;0;;;;;;;;;;;
85527;;Taille Casque:select:0;XL:6;DMD129-XL;DMD129-XL;;;;;;0;;;;;;;;;;;
85527;;Taille Casque:select:0;XS:1;DMD129-XS;DMD129-XS;;;;;;0;;;;;;;;;;;
85528;;Taille Casque:select:0;L:4;DMD131-L;DMD131-L;;;;;;0;;;;;;;;;;;
85528;;Taille Casque:select:0;M:3;DMD131-M;DMD131-M;;;;;;1;;;;;;;;;;;
85528;;Taille Casque:select:0;S:2;DMD131-S;DMD131-S;;;;;;0;;;;;;;;;;;
85528;;Taille Casque:select:0;XL:6;DMD131-XL;DMD131-XL;;;;;;0;;;;;;;;;;;
85528;;Taille Casque:select:0;XS:1;DMD131-XS;DMD131-XS;;;;;;0;;;;;;;;;;;
85529;;Taille Casque:select:0;L:4;DMD132-L;DMD132-L;;;;;;2;;;;;;;;;;;
85529;;Taille Casque:select:0;M:3;DMD132-M;DMD132-M;;;;;;2;;;;;;;;;;;
85529;;Taille Casque:select:0;S:2;DMD132-S;DMD132-S;;;;;;1;;;;;;;;;;;
85529;;Taille Casque:select:0;XL:6;DMD132-XL;DMD132-XL;;;;;;0;;;;;;;;;;;
85529;;Taille Casque:select:0;XS:1;DMD132-XS;DMD132-XS;;;;;;0;;;;;;;;;;;
85530;;Taille Casque:select:0;L:4;DMD133-L;DMD133-L;;;;;;0;;;;;;;;;;;
85530;;Taille Casque:select:0;M:3;DMD133-M;DMD133-M;;;;;;0;;;;;;;;;;;
85530;;Taille Casque:select:0;S:2;DMD133-S;DMD133-S;;;;;;0;;;;;;;;;;;
85530;;Taille Casque:select:0;XL:6;DMD133-XL;DMD133-XL;;;;;;0;;;;;;;;;;;
85530;;Taille Casque:select:0;XS:1;DMD133-XS;DMD133-XS;;;;;;0;;;;;;;;;;;
85531;;Taille Casque:select:0;L:4;DMD134-L;DMD134-L;;;;;;0;;;;;;;;;;;
85531;;Taille Casque:select:0;M:3;DMD134-M;DMD134-M;;;;;;1;;;;;;;;;;;
85531;;Taille Casque:select:0;S:2;DMD134-S;DMD134-S;;;;;;2;;;;;;;;;;;
85531;;Taille Casque:select:0;XL:6;DMD134-XL;DMD134-XL;;;;;;1;;;;;;;;;;;
85531;;Taille Casque:select:0;XS:1;DMD134-XS;DMD134-XS;;;;;;0;;;;;;;;;;;
85532;;Taille Casque:select:0;L:4;DMD135-L;DMD135-L;;;;;;2;;;;;;;;;;;
85532;;Taille Casque:select:0;M:3;DMD135-M;DMD135-M;;;;;;2;;;;;;;;;;;
85532;;Taille Casque:select:0;S:2;DMD135-S;DMD135-S;;;;;;2;;;;;;;;;;;
85532;;Taille Casque:select:0;XL:6;DMD135-XL;DMD135-XL;;;;;;1;;;;;;;;;;;
85532;;Taille Casque:select:0;XS:1;DMD135-XS;DMD135-XS;;;;;;0;;;;;;;;;;;
85533;;Taille Casque:select:0;L:4;DMD161-L;DMD161-L;;;;;;0;;;;;;;;;;;
85533;;Taille Casque:select:0;M:3;DMD161-M;DMD161-M;;;;;;0;;;;;;;;;;;
85533;;Taille Casque:select:0;S:2;DMD161-S;DMD161-S;;;;;;0;;;;;;;;;;;
85533;;Taille Casque:select:0;XL:6;DMD161-XL;DMD161-XL;;;;;;0;;;;;;;;;;;
85533;;Taille Casque:select:0;XS:1;DMD161-XS;DMD161-XS;;;;;;0;;;;;;;;;;;
85534;;Taille Casque:select:0;L:4;DMD162-L;DMD162-L;;;;;;0;;;;;;;;;;;
85534;;Taille Casque:select:0;M:3;DMD162-M;DMD162-M;;;;;;0;;;;;;;;;;;
85534;;Taille Casque:select:0;S:2;DMD162-S;DMD162-S;;;;;;0;;;;;;;;;;;
85534;;Taille Casque:select:0;XL:6;DMD162-XL;DMD162-XL;;;;;;0;;;;;;;;;;;
85534;;Taille Casque:select:0;XS:1;DMD162-XS;DMD162-XS;;;;;;0;;;;;;;;;;;
85535;;Taille Casque:select:0;L:4;DMD163-L;DMD163-L;;;;;;0;;;;;;;;;;;
85535;;Taille Casque:select:0;M:3;DMD163-M;DMD163-M;;;;;;0;;;;;;;;;;;
85535;;Taille Casque:select:0;S:2;DMD163-S;DMD163-S;;;;;;0;;;;;;;;;;;
85535;;Taille Casque:select:0;XL:6;DMD163-XL;DMD163-XL;;;;;;0;;;;;;;;;;;
85535;;Taille Casque:select:0;XS:1;DMD163-XS;DMD163-XS;;;;;;0;;;;;;;;;;;
85536;;Taille Casque:select:0;L:4;DMD164-L;DMD164-L;;;;;;0;;;;;;;;;;;
85536;;Taille Casque:select:0;M:3;DMD164-M;DMD164-M;;;;;;0;;;;;;;;;;;
85536;;Taille Casque:select:0;S:2;DMD164-S;DMD164-S;;;;;;0;;;;;;;;;;;
85536;;Taille Casque:select:0;XL:6;DMD164-XL;DMD164-XL;;;;;;0;;;;;;;;;;;
85536;;Taille Casque:select:0;XS:1;DMD164-XS;DMD164-XS;;;;;;0;;;;;;;;;;;
85537;;Taille Casque:select:0;L:4;DMD165-L;DMD165-L;;;;;;0;;;;;;;;;;;
85537;;Taille Casque:select:0;M:3;DMD165-M;DMD165-M;;;;;;0;;;;;;;;;;;
85537;;Taille Casque:select:0;S:2;DMD165-S;DMD165-S;;;;;;0;;;;;;;;;;;
85537;;Taille Casque:select:0;XL:6;DMD165-XL;DMD165-XL;;;;;;0;;;;;;;;;;;
85537;;Taille Casque:select:0;XS:1;DMD165-XS;DMD165-XS;;;;;;0;;;;;;;;;;;
85538;;Taille Casque:select:0;L:4;DMD166-L;DMD166-L;;;;;;0;;;;;;;;;;;
85538;;Taille Casque:select:0;M:3;DMD166-M;DMD166-M;;;;;;0;;;;;;;;;;;
85538;;Taille Casque:select:0;S:2;DMD166-S;DMD166-S;;;;;;0;;;;;;;;;;;
85538;;Taille Casque:select:0;XL:6;DMD166-XL;DMD166-XL;;;;;;0;;;;;;;;;;;
85538;;Taille Casque:select:0;XS:1;DMD166-XS;DMD166-XS;;;;;;0;;;;;;;;;;;
85539;;Taille Casque:select:0;L:4;DMD167-L;DMD167-L;;;;;;1;;;;;;;;;;;
85539;;Taille Casque:select:0;M:3;DMD167-M;DMD167-M;;;;;;1;;;;;;;;;;;
85539;;Taille Casque:select:0;S:2;DMD167-S;DMD167-S;;;;;;0;;;;;;;;;;;
85539;;Taille Casque:select:0;XL:6;DMD167-XL;DMD167-XL;;;;;;1;;;;;;;;;;;
85539;;Taille Casque:select:0;XS:1;DMD167-XS;DMD167-XS;;;;;;0;;;;;;;;;;;
85540;;Taille Casque:select:0;L:4;DMD168-L;DMD168-L;;;;;;0;;;;;;;;;;;
85540;;Taille Casque:select:0;M:3;DMD168-M;DMD168-M;;;;;;0;;;;;;;;;;;
85540;;Taille Casque:select:0;S:2;DMD168-S;DMD168-S;;;;;;0;;;;;;;;;;;
85540;;Taille Casque:select:0;XL:6;DMD168-XL;DMD168-XL;;;;;;0;;;;;;;;;;;
85540;;Taille Casque:select:0;XS:1;DMD168-XS;DMD168-XS;;;;;;0;;;;;;;;;;;
85541;;Taille Casque:select:0;L:4;DMD169-L;DMD169-L;;;;;;0;;;;;;;;;;;
85541;;Taille Casque:select:0;M:3;DMD169-M;DMD169-M;;;;;;0;;;;;;;;;;;
85541;;Taille Casque:select:0;S:2;DMD169-S;DMD169-S;;;;;;0;;;;;;;;;;;
85541;;Taille Casque:select:0;XL:6;DMD169-XL;DMD169-XL;;;;;;0;;;;;;;;;;;
85541;;Taille Casque:select:0;XS:1;DMD169-XS;DMD169-XS;;;;;;0;;;;;;;;;;;
85542;;Taille Casque:select:0;L:4;DMD170-L;DMD170-L;;;;;;0;;;;;;;;;;;
85542;;Taille Casque:select:0;M:3;DMD170-M;DMD170-M;;;;;;0;;;;;;;;;;;
85542;;Taille Casque:select:0;S:2;DMD170-S;DMD170-S;;;;;;0;;;;;;;;;;;
85542;;Taille Casque:select:0;XL:6;DMD170-XL;DMD170-XL;;;;;;0;;;;;;;;;;;
85542;;Taille Casque:select:0;XS:1;DMD170-XS;DMD170-XS;;;;;;0;;;;;;;;;;;
85543;;Taille Casque:select:0;L:4;DMD171-L;DMD171-L;;;;;;1;;;;;;;;;;;
85543;;Taille Casque:select:0;M:3;DMD171-M;DMD171-M;;;;;;2;;;;;;;;;;;
85543;;Taille Casque:select:0;S:2;DMD171-S;DMD171-S;;;;;;0;;;;;;;;;;;
85543;;Taille Casque:select:0;XL:6;DMD171-XL;DMD171-XL;;;;;;0;;;;;;;;;;;
85543;;Taille Casque:select:0;XS:1;DMD171-XS;DMD171-XS;;;;;;0;;;;;;;;;;;
85544;;Taille Casque:select:0;L:4;DMD172-L;DMD172-L;;;;;;0;;;;;;;;;;;
85544;;Taille Casque:select:0;M:3;DMD172-M;DMD172-M;;;;;;1;;;;;;;;;;;
85544;;Taille Casque:select:0;S:2;DMD172-S;DMD172-S;;;;;;1;;;;;;;;;;;
85544;;Taille Casque:select:0;XL:6;DMD172-XL;DMD172-XL;;;;;;0;;;;;;;;;;;
85544;;Taille Casque:select:0;XS:1;DMD172-XS;DMD172-XS;;;;;;0;;;;;;;;;;;
85545;;Taille Casque:select:0;L:4;DMD173-L;DMD173-L;;;;;;0;;;;;;;;;;;
85545;;Taille Casque:select:0;M:3;DMD173-M;DMD173-M;;;;;;0;;;;;;;;;;;
85545;;Taille Casque:select:0;S:2;DMD173-S;DMD173-S;;;;;;0;;;;;;;;;;;
85545;;Taille Casque:select:0;XL:6;DMD173-XL;DMD173-XL;;;;;;0;;;;;;;;;;;
85545;;Taille Casque:select:0;XS:1;DMD173-XS;DMD173-XS;;;;;;0;;;;;;;;;;;
85546;;Taille Casque:select:0;L:4;DMD174-L;DMD174-L;;;;;;2;;;;;;;;;;;
85546;;Taille Casque:select:0;M:3;DMD174-M;DMD174-M;;;;;;2;;;;;;;;;;;
85546;;Taille Casque:select:0;S:2;DMD174-S;DMD174-S;;;;;;1;;;;;;;;;;;
85546;;Taille Casque:select:0;XL:6;DMD174-XL;DMD174-XL;;;;;;2;;;;;;;;;;;
85546;;Taille Casque:select:0;XS:1;DMD174-XS;DMD174-XS;;;;;;0;;;;;;;;;;;
85547;;Taille Casque:select:0;L:4;DMD175-L;DMD175-L;;;;;;0;;;;;;;;;;;
85547;;Taille Casque:select:0;M:3;DMD175-M;DMD175-M;;;;;;0;;;;;;;;;;;
85547;;Taille Casque:select:0;S:2;DMD175-S;DMD175-S;;;;;;0;;;;;;;;;;;
85547;;Taille Casque:select:0;XL:6;DMD175-XL;DMD175-XL;;;;;;0;;;;;;;;;;;
85547;;Taille Casque:select:0;XS:1;DMD175-XS;DMD175-XS;;;;;;0;;;;;;;;;;;
85548;;Taille Casque:select:0;L:4;DMD176-L;DMD176-L;;;;;;0;;;;;;;;;;;
85548;;Taille Casque:select:0;M:3;DMD176-M;DMD176-M;;;;;;0;;;;;;;;;;;
85548;;Taille Casque:select:0;S:2;DMD176-S;DMD176-S;;;;;;0;;;;;;;;;;;
85548;;Taille Casque:select:0;XL:6;DMD176-XL;DMD176-XL;;;;;;0;;;;;;;;;;;
85548;;Taille Casque:select:0;XS:1;DMD176-XS;DMD176-XS;;;;;;0;;;;;;;;;;;
85549;;Taille Casque:select:0;L:4;DMD177-L;DMD177-L;;;;;;0;;;;;;;;;;;
85549;;Taille Casque:select:0;M:3;DMD177-M;DMD177-M;;;;;;0;;;;;;;;;;;
85549;;Taille Casque:select:0;S:2;DMD177-S;DMD177-S;;;;;;0;;;;;;;;;;;
85549;;Taille Casque:select:0;XL:6;DMD177-XL;DMD177-XL;;;;;;0;;;;;;;;;;;
85549;;Taille Casque:select:0;XS:1;DMD177-XS;DMD177-XS;;;;;;0;;;;;;;;;;;
85550;;Taille Casque:select:0;L:4;DMD178-L;DMD178-L;;;;;;0;;;;;;;;;;;
85550;;Taille Casque:select:0;M:3;DMD178-M;DMD178-M;;;;;;0;;;;;;;;;;;
85550;;Taille Casque:select:0;S:2;DMD178-S;DMD178-S;;;;;;0;;;;;;;;;;;
85550;;Taille Casque:select:0;XL:6;DMD178-XL;DMD178-XL;;;;;;0;;;;;;;;;;;
85550;;Taille Casque:select:0;XS:1;DMD178-XS;DMD178-XS;;;;;;0;;;;;;;;;;;
85551;;Taille Casque:select:0;L:4;DMD179-L;DMD179-L;;;;;;0;;;;;;;;;;;
85551;;Taille Casque:select:0;M:3;DMD179-M;DMD179-M;;;;;;0;;;;;;;;;;;
85551;;Taille Casque:select:0;S:2;DMD179-S;DMD179-S;;;;;;0;;;;;;;;;;;
85551;;Taille Casque:select:0;XL:6;DMD179-XL;DMD179-XL;;;;;;0;;;;;;;;;;;
85551;;Taille Casque:select:0;XS:1;DMD179-XS;DMD179-XS;;;;;;0;;;;;;;;;;;
85552;;Taille Casque:select:0;L:4;DMD180-L;DMD180-L;;;;;;0;;;;;;;;;;;
85552;;Taille Casque:select:0;M:3;DMD180-M;DMD180-M;;;;;;0;;;;;;;;;;;
85552;;Taille Casque:select:0;S:2;DMD180-S;DMD180-S;;;;;;0;;;;;;;;;;;
85552;;Taille Casque:select:0;XL:6;DMD180-XL;DMD180-XL;;;;;;0;;;;;;;;;;;
85552;;Taille Casque:select:0;XS:1;DMD180-XS;DMD180-XS;;;;;;0;;;;;;;;;;;
85553;;Taille Casque:select:0;L:4;DMD181-L;DMD181-L;;;;;;0;;;;;;;;;;;
85553;;Taille Casque:select:0;M:3;DMD181-M;DMD181-M;;;;;;0;;;;;;;;;;;
85553;;Taille Casque:select:0;S:2;DMD181-S;DMD181-S;;;;;;0;;;;;;;;;;;
85553;;Taille Casque:select:0;XL:6;DMD181-XL;DMD181-XL;;;;;;0;;;;;;;;;;;
85553;;Taille Casque:select:0;XS:1;DMD181-XS;DMD181-XS;;;;;;0;;;;;;;;;;;
85554;;Taille Casque:select:0;L:4;DMD301-L;DMD301-L;;;;;;0;;;;;;;;;;;
85554;;Taille Casque:select:0;M:3;DMD301-M;DMD301-M;;;;;;1;;;;;;;;;;;
85554;;Taille Casque:select:0;S:2;DMD301-S;DMD301-S;;;;;;1;;;;;;;;;;;
85554;;Taille Casque:select:0;XL:6;DMD301-XL;DMD301-XL;;;;;;0;;;;;;;;;;;
85554;;Taille Casque:select:0;XS:1;DMD301-XS;DMD301-XS;;;;;;1;;;;;;;;;;;
85555;;Taille Casque:select:0;L:4;DMD302-L;DMD302-L;;;;;;1;;;;;;;;;;;
85555;;Taille Casque:select:0;M:3;DMD302-M;DMD302-M;;;;;;2;;;;;;;;;;;
85555;;Taille Casque:select:0;S:2;DMD302-S;DMD302-S;;;;;;1;;;;;;;;;;;
85555;;Taille Casque:select:0;XL:6;DMD302-XL;DMD302-XL;;;;;;1;;;;;;;;;;;
85555;;Taille Casque:select:0;XS:1;DMD302-XS;DMD302-XS;;;;;;1;;;;;;;;;;;
85556;;Taille Casque:select:0;L:4;DMD303-L;DMD303-L;;;;;;0;;;;;;;;;;;
85556;;Taille Casque:select:0;M:3;DMD303-M;DMD303-M;;;;;;0;;;;;;;;;;;
85556;;Taille Casque:select:0;S:2;DMD303-S;DMD303-S;;;;;;0;;;;;;;;;;;
85556;;Taille Casque:select:0;XL:6;DMD303-XL;DMD303-XL;;;;;;0;;;;;;;;;;;
85556;;Taille Casque:select:0;XS:1;DMD303-XS;DMD303-XS;;;;;;0;;;;;;;;;;;
85557;;Taille Casque:select:0;L:4;DMD304-L;DMD304-L;;;;;;0;;;;;;;;;;;
85557;;Taille Casque:select:0;M:3;DMD304-M;DMD304-M;;;;;;0;;;;;;;;;;;
85557;;Taille Casque:select:0;S:2;DMD304-S;DMD304-S;;;;;;0;;;;;;;;;;;
85557;;Taille Casque:select:0;XL:6;DMD304-XL;DMD304-XL;;;;;;0;;;;;;;;;;;
85557;;Taille Casque:select:0;XS:1;DMD304-XS;DMD304-XS;;;;;;0;;;;;;;;;;;
85578;;Taille Casque:select:0;L:4;DMD920-L;DMD920-L;;;;;;1;;;;;;;;;;;
85578;;Taille Casque:select:0;M:3;DMD920-M;DMD920-M;;;;;;1;;;;;;;;;;;
85578;;Taille Casque:select:0;S:2;DMD920-S;DMD920-S;;;;;;1;;;;;;;;;;;
85578;;Taille Casque:select:0;XL:6;DMD920-XL;DMD920-XL;;;;;;1;;;;;;;;;;;
85578;;Taille Casque:select:0;XS:1;DMD920-XS;DMD920-XS;;;;;;1;;;;;;;;;;;
85579;;Taille Casque:select:0;2XL:5;DMD950-2XL;DMD950-2XL;;;;;;0;;;;;;;;;;;
85579;;Taille Casque:select:0;L:4;DMD950-L;DMD950-L;;;;;;0;;;;;;;;;;;
85579;;Taille Casque:select:0;M:3;DMD950-M;DMD950-M;;;;;;0;;;;;;;;;;;
85579;;Taille Casque:select:0;S:2;DMD950-S;DMD950-S;;;;;;0;;;;;;;;;;;
85579;;Taille Casque:select:0;XL:6;DMD950-XL;DMD950-XL;;;;;;0;;;;;;;;;;;
85579;;Taille Casque:select:0;XS:1;DMD950-XS;DMD950-XS;;;;;;0;;;;;;;;;;;
85580;;Taille Casque:select:0;2XL:5;DMD970-2XL;DMD970-2XL;;;;;;0;;;;;;;;;;;
85580;;Taille Casque:select:0;L:4;DMD970-L;DMD970-L;;;;;;0;;;;;;;;;;;
85580;;Taille Casque:select:0;M:3;DMD970-M;DMD970-M;;;;;;0;;;;;;;;;;;
85580;;Taille Casque:select:0;S:2;DMD970-S;DMD970-S;;;;;;0;;;;;;;;;;;
85580;;Taille Casque:select:0;XL:6;DMD970-XL;DMD970-XL;;;;;;0;;;;;;;;;;;
85580;;Taille Casque:select:0;XS:1;DMD970-XS;DMD970-XS;;;;;;0;;;;;;;;;;;
85581;;Taille Casque:select:0;2XL:5;DMD990-2XL;DMD990-2XL;;;;;;0;;;;;;;;;;;
85581;;Taille Casque:select:0;L:4;DMD990-L;DMD990-L;;;;;;0;;;;;;;;;;;
85581;;Taille Casque:select:0;M:3;DMD990-M;DMD990-M;;;;;;0;;;;;;;;;;;
85581;;Taille Casque:select:0;S:2;DMD990-S;DMD990-S;;;;;;0;;;;;;;;;;;
85581;;Taille Casque:select:0;XL:6;DMD990-XL;DMD990-XL;;;;;;0;;;;;;;;;;;
85581;;Taille Casque:select:0;XS:1;DMD990-XS;DMD990-XS;;;;;;0;;;;;;;;;;;
